Zeitindex,Station,Komponente,Messwert
0,OKVT,CO,0.6
1,OKVT,CO,0.6
2,OKVT,CO,0.6
3,OKVT,CO,0.6
4,OKVT,CO,0.6
5,OKVT,CO,0.6
6,OKVT,CO,0.6
7,OKVT,CO,0.6
8,OKVT,CO,0.6
9,OKVT,CO,0.6
10,OKVT,CO,0.6
11,OKVT,CO,0.6
12,OKVT,CO,0.6
13,OKVT,CO,0.6
14,OKVT,CO,0.6
15,OKVT,CO,0.6
16,OKVT,CO,0.6
17,OKVT,CO,0.6
18,OKVT,CO,0.6
19,OKVT,CO,0.6
20,OKVT,CO,0.6
21,OKVT,CO,0.6
22,OKVT,CO,0.6
23,OKVT,CO,0.6
24,OKVT,CO,0.6
25,OKVT,CO,0.6
26,OKVT,CO,0.6
27,OKVT,CO,0.6
28,OKVT,CO,0.6
29,OKVT,CO,0.6
30,OKVT,CO,0.6
31,OKVT,CO,0.6
32,OKVT,CO,0.6
33,OKVT,CO,0.6
34,OKVT,CO,0.6
35,OKVT,CO,0.6
36,OKVT,CO,0.6
37,OKVT,CO,0.6
38,OKVT,CO,0.6
39,OKVT,CO,0.6
40,OKVT,CO,0.6
41,OKVT,CO,0.6
42,OKVT,CO,0.6
43,OKVT,CO,0.6
44,OKVT,CO,0.6
45,OKVT,CO,0.6
46,OKVT,CO,0.6
47,OKVT,CO,0.6
48,OKVT,CO,0.6
49,OKVT,CO,0.6
50,OKVT,CO,0.6
51,OKVT,CO,0.6
52,OKVT,CO,0.6
53,OKVT,CO,0.6
54,OKVT,CO,0.6
55,OKVT,CO,0.6
56,OKVT,CO,0.6
57,OKVT,CO,0.6
58,OKVT,CO,0.6
59,OKVT,CO,0.6
60,OKVT,CO,0.6
61,OKVT,CO,0.6
62,OKVT,CO,0.6
63,OKVT,CO,0.6
64,OKVT,CO,0.6
65,OKVT,CO,0.6
66,OKVT,CO,0.6
67,OKVT,CO,0.6
68,OKVT,CO,0.6
69,OKVT,CO,0.6
70,OKVT,CO,0.6
71,OKVT,CO,0.6
72,OKVT,CO,0.6
73,OKVT,CO,0.6
74,OKVT,CO,0.6
75,OKVT,CO,0.6
76,OKVT,CO,0.6
77,OKVT,CO,0.6
78,OKVT,CO,0.6
79,OKVT,CO,0.6
80,OKVT,CO,0.6
81,OKVT,CO,0.6
82,OKVT,CO,0.6
83,OKVT,CO,0.6
84,OKVT,CO,0.6
85,OKVT,CO,0.6
86,OKVT,CO,0.6
87,OKVT,CO,0.6
88,OKVT,CO,0.6
89,OKVT,CO,0.6
90,OKVT,CO,0.6
91,OKVT,CO,0.6
92,OKVT,CO,0.6
93,OKVT,CO,0.6
94,OKVT,CO,0.6
95,OKVT,CO,0.6
96,OKVT,CO,0.6
97,OKVT,CO,0.6
98,OKVT,CO,0.6
99,OKVT,CO,0.6
100,OKVT,CO,0.6
101,OKVT,CO,0.6
102,OKVT,CO,0.6
103,OKVT,CO,0.6
104,OKVT,CO,0.6
105,OKVT,CO,0.6
106,OKVT,CO,0.6
107,OKVT,CO,0.6
108,OKVT,CO,0.6
109,OKVT,CO,0.6
110,OKVT,CO,0.6
111,OKVT,CO,0.6
112,OKVT,CO,0.6
113,OKVT,CO,0.6
114,OKVT,CO,0.6
115,OKVT,CO,0.6
116,OKVT,CO,0.6
117,OKVT,CO,0.6
118,OKVT,CO,0.6
119,OKVT,CO,0.6
120,OKVT,CO,0.6
121,OKVT,CO,0.6
122,OKVT,CO,0.6
123,OKVT,CO,0.6
124,OKVT,CO,0.6
125,OKVT,CO,0.6
126,OKVT,CO,0.6
127,OKVT,CO,0.6
128,OKVT,CO,0.6
129,OKVT,CO,0.6
130,OKVT,CO,0.6
131,OKVT,CO,0.6
132,OKVT,CO,0.6
133,OKVT,CO,0.6
134,OKVT,CO,0.6
135,OKVT,CO,0.6
136,OKVT,CO,0.6
137,OKVT,CO,0.6
138,OKVT,CO,0.6
139,OKVT,CO,0.6
140,OKVT,CO,0.6
141,OKVT,CO,0.6
142,OKVT,CO,0.6
143,OKVT,CO,0.6
144,OKVT,CO,0.6
145,OKVT,CO,0.6
146,OKVT,CO,0.6
147,OKVT,CO,0.6
148,OKVT,CO,0.6
149,OKVT,CO,0.6
150,OKVT,CO,0.6
151,OKVT,CO,0.6
152,OKVT,CO,0.6
153,OKVT,CO,0.6
154,OKVT,CO,0.6
155,OKVT,CO,0.6
156,OKVT,CO,0.6
157,OKVT,CO,0.6
158,OKVT,CO,0.6
159,OKVT,CO,0.6
160,OKVT,CO,0.6
161,OKVT,CO,0.6
162,OKVT,CO,0.6
163,OKVT,CO,0.6
164,OKVT,CO,0.6
165,OKVT,CO,0.6
166,OKVT,CO,0.6
167,OKVT,CO,0.6
168,OKVT,CO,0.6
169,OKVT,CO,0.6
170,OKVT,CO,0.6
171,OKVT,CO,0.6
172,OKVT,CO,0.6
173,OKVT,CO,0.6
174,OKVT,CO,0.6
175,OKVT,CO,0.6
176,OKVT,CO,0.6
177,OKVT,CO,0.6
178,OKVT,CO,0.6
179,OKVT,CO,0.6
180,OKVT,CO,0.6
181,OKVT,CO,0.6
182,OKVT,CO,0.6
183,OKVT,CO,0.6
184,OKVT,CO,0.6
185,OKVT,CO,0.6
186,OKVT,CO,0.6
187,OKVT,CO,0.6
188,OKVT,CO,0.6
189,OKVT,CO,0.6
190,OKVT,CO,0.6
191,OKVT,CO,0.6
192,OKVT,CO,0.6
193,OKVT,CO,0.6
194,OKVT,CO,0.6
195,OKVT,CO,0.6
196,OKVT,CO,0.6
197,OKVT,CO,0.6
198,OKVT,CO,0.6
199,OKVT,CO,0.6
200,OKVT,CO,0.6
201,OKVT,CO,0.6
202,OKVT,CO,0.6
203,OKVT,CO,0.6
204,OKVT,CO,0.6
205,OKVT,CO,0.6
206,OKVT,CO,0.6
207,OKVT,CO,0.6
208,OKVT,CO,0.6
209,OKVT,CO,0.6
210,OKVT,CO,0.6
211,OKVT,CO,0.6
212,OKVT,CO,0.6
213,OKVT,CO,0.6
214,OKVT,CO,0.6
215,OKVT,CO,0.6
216,OKVT,CO,0.6
217,OKVT,CO,0.6
218,OKVT,CO,0.6
219,OKVT,CO,0.6
220,OKVT,CO,0.6
221,OKVT,CO,0.6
222,OKVT,CO,0.6
223,OKVT,CO,0.6
224,OKVT,CO,0.6
225,OKVT,CO,0.6
226,OKVT,CO,0.6
227,OKVT,CO,0.6
228,OKVT,CO,0.6
229,OKVT,CO,0.6
230,OKVT,CO,0.6
231,OKVT,CO,0.6
232,OKVT,CO,0.6
233,OKVT,CO,0.6
234,OKVT,CO,0.6
235,OKVT,CO,0.6
236,OKVT,CO,0.6
237,OKVT,CO,0.6
238,OKVT,CO,0.6
239,OKVT,CO,0.6
240,OKVT,CO,0.6
241,OKVT,CO,0.6
242,OKVT,CO,0.6
243,OKVT,CO,0.6
244,OKVT,CO,0.6
245,OKVT,CO,0.6
246,OKVT,CO,0.6
247,OKVT,CO,0.6
248,OKVT,CO,0.6
249,OKVT,CO,0.6
250,OKVT,CO,0.6
251,OKVT,CO,0.6
252,OKVT,CO,0.6
253,OKVT,CO,0.6
254,OKVT,CO,0.6
255,OKVT,CO,0.6
256,OKVT,CO,0.6
257,OKVT,CO,0.6
258,OKVT,CO,0.6
259,OKVT,CO,0.6
260,OKVT,CO,0.6
261,OKVT,CO,0.6
262,OKVT,CO,0.6
263,OKVT,CO,0.6
264,OKVT,CO,0.6
265,OKVT,CO,0.6
266,OKVT,CO,0.6
267,OKVT,CO,0.6
268,OKVT,CO,0.6
269,OKVT,CO,0.6
270,OKVT,CO,0.6
271,OKVT,CO,0.6
272,OKVT,CO,0.6
273,OKVT,CO,0.6
274,OKVT,CO,0.6
275,OKVT,CO,0.6
276,OKVT,CO,0.6
277,OKVT,CO,0.6
278,OKVT,CO,0.6
279,OKVT,CO,0.6
280,OKVT,CO,0.6
281,OKVT,CO,0.6
282,OKVT,CO,0.6
283,OKVT,CO,0.6
284,OKVT,CO,0.6
285,OKVT,CO,0.6
286,OKVT,CO,0.6
287,OKVT,CO,0.6
288,OKVT,CO,0.6
289,OKVT,CO,0.6
290,OKVT,CO,0.6
291,OKVT,CO,0.6
292,OKVT,CO,0.6
293,OKVT,CO,0.6
294,OKVT,CO,0.6
295,OKVT,CO,0.6
296,OKVT,CO,0.6
297,OKVT,CO,0.6
298,OKVT,CO,0.6
299,OKVT,CO,0.6
300,OKVT,CO,0.6
301,OKVT,CO,0.6
302,OKVT,CO,0.6
303,OKVT,CO,0.6
304,OKVT,CO,0.6
305,OKVT,CO,0.6
306,OKVT,CO,0.6
307,OKVT,CO,0.6
308,OKVT,CO,0.6
309,OKVT,CO,0.6
310,OKVT,CO,0.6
311,OKVT,CO,0.6
312,OKVT,CO,0.6
313,OKVT,CO,0.6
314,OKVT,CO,0.6
315,OKVT,CO,0.6
316,OKVT,CO,0.6
317,OKVT,CO,0.6
318,OKVT,CO,0.6
319,OKVT,CO,0.6
320,OKVT,CO,0.6
321,OKVT,CO,0.6
322,OKVT,CO,0.6
323,OKVT,CO,0.6
324,OKVT,CO,0.6
325,OKVT,CO,0.6
326,OKVT,CO,0.6
327,OKVT,CO,0.6
328,OKVT,CO,0.6
329,OKVT,CO,0.6
330,OKVT,CO,0.6
331,OKVT,CO,0.6
332,OKVT,CO,0.6
333,OKVT,CO,0.6
334,OKVT,CO,0.6
335,OKVT,CO,0.6
336,OKVT,CO,0.6
337,OKVT,CO,0.6
338,OKVT,CO,0.6
339,OKVT,CO,0.6
340,OKVT,CO,0.6
341,OKVT,CO,0.6
342,OKVT,CO,0.6
343,OKVT,CO,0.6
344,OKVT,CO,0.6
345,OKVT,CO,0.6
346,OKVT,CO,0.6
347,OKVT,CO,0.6
348,OKVT,CO,0.6
349,OKVT,CO,0.6
350,OKVT,CO,0.6
351,OKVT,CO,0.6
352,OKVT,CO,0.6
353,OKVT,CO,0.6
354,OKVT,CO,0.6
355,OKVT,CO,0.6
356,OKVT,CO,0.6
357,OKVT,CO,0.6
358,OKVT,CO,0.6
359,OKVT,CO,0.6
360,OKVT,CO,0.6
361,OKVT,CO,0.6
362,OKVT,CO,0.6
363,OKVT,CO,0.6
364,OKVT,CO,0.6
365,OKVT,CO,0.6
366,OKVT,CO,0.6
367,OKVT,CO,0.6
368,OKVT,CO,0.6
369,OKVT,CO,0.6
370,OKVT,CO,0.6
371,OKVT,CO,0.6
372,OKVT,CO,0.6
373,OKVT,CO,0.6
374,OKVT,CO,0.6
375,OKVT,CO,0.6
376,OKVT,CO,0.6
377,OKVT,CO,0.6
378,OKVT,CO,0.6
379,OKVT,CO,0.6
380,OKVT,CO,0.6
381,OKVT,CO,0.6
382,OKVT,CO,0.6
383,OKVT,CO,0.6
384,OKVT,CO,0.6
385,OKVT,CO,0.6
386,OKVT,CO,0.6
387,OKVT,CO,0.6
388,OKVT,CO,0.6
389,OKVT,CO,0.6
390,OKVT,CO,0.6
391,OKVT,CO,0.6
392,OKVT,CO,0.6
393,OKVT,CO,0.6
394,OKVT,CO,0.6
395,OKVT,CO,0.6
396,OKVT,CO,0.6
397,OKVT,CO,0.6
398,OKVT,CO,0.6
399,OKVT,CO,0.6
400,OKVT,CO,0.6
401,OKVT,CO,0.6
402,OKVT,CO,0.6
403,OKVT,CO,0.6
404,OKVT,CO,0.6
405,OKVT,CO,0.6
406,OKVT,CO,0.6
407,OKVT,CO,0.6
408,OKVT,CO,0.6
409,OKVT,CO,0.6
410,OKVT,CO,0.6
411,OKVT,CO,0.6
412,OKVT,CO,0.6
413,OKVT,CO,0.6
414,OKVT,CO,0.6
415,OKVT,CO,0.6
416,OKVT,CO,0.6
417,OKVT,CO,0.6
418,OKVT,CO,0.6
419,OKVT,CO,0.6
420,OKVT,CO,0.6
421,OKVT,CO,0.6
422,OKVT,CO,0.6
423,OKVT,CO,0.6
424,OKVT,CO,0.6
425,OKVT,CO,0.6
426,OKVT,CO,0.6
427,OKVT,CO,0.6
428,OKVT,CO,0.6
429,OKVT,CO,0.6
430,OKVT,CO,0.6
431,OKVT,CO,0.6
432,OKVT,CO,0.6
433,OKVT,CO,0.6
434,OKVT,CO,0.6
435,OKVT,CO,0.6
436,OKVT,CO,0.6
437,OKVT,CO,0.6
438,OKVT,CO,0.6
439,OKVT,CO,0.6
440,OKVT,CO,0.6
441,OKVT,CO,0.6
442,OKVT,CO,0.6
443,OKVT,CO,0.6
444,OKVT,CO,0.6
445,OKVT,CO,0.6
446,OKVT,CO,0.6
447,OKVT,CO,0.6
448,OKVT,CO,0.6
449,OKVT,CO,0.6
450,OKVT,CO,0.6
451,OKVT,CO,0.6
452,OKVT,CO,0.6
453,OKVT,CO,0.6
454,OKVT,CO,0.6
455,OKVT,CO,0.6
456,OKVT,CO,0.6
457,OKVT,CO,0.6
458,OKVT,CO,0.6
459,OKVT,CO,0.6
460,OKVT,CO,0.6
461,OKVT,CO,0.6
462,OKVT,CO,0.6
463,OKVT,CO,0.6
464,OKVT,CO,0.6
465,OKVT,CO,0.6
466,OKVT,CO,0.6
467,OKVT,CO,0.6
468,OKVT,CO,0.6
469,OKVT,CO,0.6
470,OKVT,CO,0.6
471,OKVT,CO,0.6
472,OKVT,CO,0.6
473,OKVT,CO,0.6
474,OKVT,CO,0.6
475,OKVT,CO,0.6
476,OKVT,CO,0.6
477,OKVT,CO,0.6
478,OKVT,CO,0.6
479,OKVT,CO,0.6
480,OKVT,CO,0.6
481,OKVT,CO,0.6
482,OKVT,CO,0.6
483,OKVT,CO,0.6
484,OKVT,CO,0.6
485,OKVT,CO,0.6
486,OKVT,CO,0.6
487,OKVT,CO,0.6
488,OKVT,CO,0.6
489,OKVT,CO,0.6
490,OKVT,CO,0.6
491,OKVT,CO,0.6
492,OKVT,CO,0.6
493,OKVT,CO,0.6
494,OKVT,CO,0.6
495,OKVT,CO,0.6
496,OKVT,CO,0.6
497,OKVT,CO,0.6
498,OKVT,CO,0.6
499,OKVT,CO,0.6
500,OKVT,CO,0.6
501,OKVT,CO,0.6
502,OKVT,CO,0.6
503,OKVT,CO,0.6
504,OKVT,CO,0.6
505,OKVT,CO,0.6
506,OKVT,CO,0.6
507,OKVT,CO,0.6
508,OKVT,CO,0.6
509,OKVT,CO,0.6
510,OKVT,CO,0.6
511,OKVT,CO,0.6
512,OKVT,CO,0.6
513,OKVT,CO,0.6
514,OKVT,CO,0.6
515,OKVT,CO,0.6
516,OKVT,CO,0.6
517,OKVT,CO,0.6
518,OKVT,CO,0.6
519,OKVT,CO,0.6
520,OKVT,CO,0.6
521,OKVT,CO,0.6
522,OKVT,CO,0.6
523,OKVT,CO,0.6
524,OKVT,CO,0.6
525,OKVT,CO,0.6
526,OKVT,CO,0.6
527,OKVT,CO,0.6
528,OKVT,CO,0.6
529,OKVT,CO,0.6
530,OKVT,CO,0.6
531,OKVT,CO,0.6
532,OKVT,CO,0.6
533,OKVT,CO,0.6
534,OKVT,CO,0.6
535,OKVT,CO,0.6
536,OKVT,CO,0.6
537,OKVT,CO,0.6
538,OKVT,CO,0.6
539,OKVT,CO,0.6
540,OKVT,CO,0.6
541,OKVT,CO,0.6
542,OKVT,CO,0.6
543,OKVT,CO,0.6
544,OKVT,CO,0.6
545,OKVT,CO,0.6
546,OKVT,CO,0.6
547,OKVT,CO,0.6
548,OKVT,CO,0.6
549,OKVT,CO,0.6
550,OKVT,CO,0.6
551,OKVT,CO,0.6
552,OKVT,CO,0.6
553,OKVT,CO,0.6
554,OKVT,CO,0.6
555,OKVT,CO,0.6
556,OKVT,CO,0.6
557,OKVT,CO,0.6
558,OKVT,CO,0.6
559,OKVT,CO,0.6
560,OKVT,CO,0.6
561,OKVT,CO,0.6
562,OKVT,CO,0.6
563,OKVT,CO,0.6
564,OKVT,CO,0.6
565,OKVT,CO,0.6
566,OKVT,CO,0.6
567,OKVT,CO,0.6
568,OKVT,CO,0.6
569,OKVT,CO,0.6
570,OKVT,CO,0.6
571,OKVT,CO,0.6
572,OKVT,CO,0.6
573,OKVT,CO,0.6
574,OKVT,CO,0.6
575,OKVT,CO,0.6
576,OKVT,CO,0.6
577,OKVT,CO,0.6
578,OKVT,CO,0.6
579,OKVT,CO,0.6
580,OKVT,CO,0.6
581,OKVT,CO,0.6
582,OKVT,CO,0.6
583,OKVT,CO,0.6
584,OKVT,CO,0.6
585,OKVT,CO,0.6
586,OKVT,CO,0.6
587,OKVT,CO,0.6
588,OKVT,CO,0.6
589,OKVT,CO,0.6
590,OKVT,CO,0.6
591,OKVT,CO,0.6
592,OKVT,CO,0.6
593,OKVT,CO,0.6
594,OKVT,CO,0.6
595,OKVT,CO,0.6
596,OKVT,CO,0.6
597,OKVT,CO,0.6
598,OKVT,CO,0.6
599,OKVT,CO,0.6
600,OKVT,CO,0.6
601,OKVT,CO,0.6
602,OKVT,CO,0.6
603,OKVT,CO,0.6
604,OKVT,CO,0.6
605,OKVT,CO,0.6
606,OKVT,CO,0.6
607,OKVT,CO,0.6
608,OKVT,CO,0.6
609,OKVT,CO,0.6
610,OKVT,CO,0.6
611,OKVT,CO,0.6
612,OKVT,CO,0.6
613,OKVT,CO,0.6
614,OKVT,CO,0.6
615,OKVT,CO,0.6
616,OKVT,CO,0.6
617,OKVT,CO,0.6
618,OKVT,CO,0.6
619,OKVT,CO,0.6
620,OKVT,CO,0.6
621,OKVT,CO,0.6
622,OKVT,CO,0.6
623,OKVT,CO,0.6
624,OKVT,CO,0.6
625,OKVT,CO,0.6
626,OKVT,CO,0.6
627,OKVT,CO,0.6
628,OKVT,CO,0.6
629,OKVT,CO,0.6
630,OKVT,CO,0.6
631,OKVT,CO,0.6
632,OKVT,CO,0.6
633,OKVT,CO,0.6
634,OKVT,CO,0.6
635,OKVT,CO,0.6
636,OKVT,CO,0.6
637,OKVT,CO,0.6
638,OKVT,CO,0.6
639,OKVT,CO,0.6
640,OKVT,CO,0.6
641,OKVT,CO,0.6
642,OKVT,CO,0.6
643,OKVT,CO,0.6
644,OKVT,CO,0.6
645,OKVT,CO,0.6
646,OKVT,CO,0.6
647,OKVT,CO,0.6
648,OKVT,CO,0.6
649,OKVT,CO,0.6
650,OKVT,CO,0.6
651,OKVT,CO,0.6
652,OKVT,CO,0.6
653,OKVT,CO,0.6
654,OKVT,CO,0.6
655,OKVT,CO,0.6
656,OKVT,CO,0.6
657,OKVT,CO,0.6
658,OKVT,CO,0.6
659,OKVT,CO,0.6
660,OKVT,CO,0.6
661,OKVT,CO,0.6
662,OKVT,CO,0.6
663,OKVT,CO,0.6
664,OKVT,CO,0.6
665,OKVT,CO,0.6
666,OKVT,CO,0.6
667,OKVT,CO,0.6
668,OKVT,CO,0.6
669,OKVT,CO,0.6
670,OKVT,CO,0.6
671,OKVT,CO,0.6
672,OKVT,CO,0.6
673,OKVT,CO,0.6
674,OKVT,CO,0.6
675,OKVT,CO,0.6
676,OKVT,CO,0.6
677,OKVT,CO,0.6
678,OKVT,CO,0.6
679,OKVT,CO,0.6
680,OKVT,CO,0.6
681,OKVT,CO,0.6
682,OKVT,CO,0.6
683,OKVT,CO,0.6
684,OKVT,CO,0.6
685,OKVT,CO,0.6
686,OKVT,CO,0.6
687,OKVT,CO,0.6
688,OKVT,CO,0.6
689,OKVT,CO,0.6
690,OKVT,CO,0.6
691,OKVT,CO,0.6
692,OKVT,CO,0.6
693,OKVT,CO,0.6
694,OKVT,CO,0.6
695,OKVT,CO,0.6
696,OKVT,CO,0.6
697,OKVT,CO,0.6
698,OKVT,CO,0.6
699,OKVT,CO,0.6
700,OKVT,CO,0.6
701,OKVT,CO,0.6
702,OKVT,CO,0.6
703,OKVT,CO,0.6
704,OKVT,CO,0.6
705,OKVT,CO,0.6
706,OKVT,CO,0.6
707,OKVT,CO,0.6
708,OKVT,CO,0.6
709,OKVT,CO,0.6
710,OKVT,CO,0.6
711,OKVT,CO,0.6
712,OKVT,CO,0.6
713,OKVT,CO,0.6
714,OKVT,CO,0.6
715,OKVT,CO,0.6
716,OKVT,CO,0.6
717,OKVT,CO,0.6
718,OKVT,CO,0.6
719,OKVT,CO,0.6
0,OKVT,NO2,39.0
1,OKVT,NO2,44.0
2,OKVT,NO2,39.0
3,OKVT,NO2,35.0
4,OKVT,NO2,38.0
5,OKVT,NO2,48.0
6,OKVT,NO2,40.0
7,OKVT,NO2,30.0
8,OKVT,NO2,43.0
9,OKVT,NO2,32.0
10,OKVT,NO2,27.0
11,OKVT,NO2,34.0
12,OKVT,NO2,42.0
13,OKVT,NO2,41.0
14,OKVT,NO2,31.0
15,OKVT,NO2,25.0
17,OKVT,NO2,24.0
18,OKVT,NO2,23.0
19,OKVT,NO2,32.0
20,OKVT,NO2,37.0
22,OKVT,NO2,47.0
23,OKVT,NO2,48.0
24,OKVT,NO2,39.0
25,OKVT,NO2,33.0
27,OKVT,NO2,26.0
28,OKVT,NO2,39.0
29,OKVT,NO2,33.0
30,OKVT,NO2,32.0
31,OKVT,NO2,31.0
32,OKVT,NO2,33.0
33,OKVT,NO2,31.0
34,OKVT,NO2,25.0
35,OKVT,NO2,26.0
36,OKVT,NO2,30.0
37,OKVT,NO2,27.0
38,OKVT,NO2,20.0
39,OKVT,NO2,13.0
40,OKVT,NO2,7.0
41,OKVT,NO2,8.0
42,OKVT,NO2,8.0
43,OKVT,NO2,9.0
44,OKVT,NO2,20.0
45,OKVT,NO2,28.0
46,OKVT,NO2,43.0
47,OKVT,NO2,38.0
48,OKVT,NO2,37.0
49,OKVT,NO2,26.0
50,OKVT,NO2,27.0
51,OKVT,NO2,24.0
52,OKVT,NO2,31.0
53,OKVT,NO2,28.0
54,OKVT,NO2,22.0
55,OKVT,NO2,28.0
56,OKVT,NO2,29.0
57,OKVT,NO2,29.0
58,OKVT,NO2,31.0
59,OKVT,NO2,36.0
60,OKVT,NO2,39.0
61,OKVT,NO2,38.0
63,OKVT,NO2,20.0
64,OKVT,NO2,14.0
65,OKVT,NO2,14.0
66,OKVT,NO2,12.0
67,OKVT,NO2,17.0
68,OKVT,NO2,31.0
69,OKVT,NO2,31.0
70,OKVT,NO2,33.0
71,OKVT,NO2,33.0
72,OKVT,NO2,27.0
73,OKVT,NO2,27.0
74,OKVT,NO2,24.0
75,OKVT,NO2,26.0
76,OKVT,NO2,26.0
77,OKVT,NO2,35.0
78,OKVT,NO2,31.0
79,OKVT,NO2,33.0
80,OKVT,NO2,33.0
81,OKVT,NO2,34.0
82,OKVT,NO2,33.0
83,OKVT,NO2,43.0
85,OKVT,NO2,51.0
86,OKVT,NO2,50.0
88,OKVT,NO2,31.0
89,OKVT,NO2,32.0
90,OKVT,NO2,30.0
91,OKVT,NO2,26.0
92,OKVT,NO2,33.0
93,OKVT,NO2,42.0
94,OKVT,NO2,37.0
95,OKVT,NO2,43.0
96,OKVT,NO2,38.0
97,OKVT,NO2,37.0
98,OKVT,NO2,30.0
99,OKVT,NO2,28.0
100,OKVT,NO2,28.0
101,OKVT,NO2,19.0
102,OKVT,NO2,21.0
103,OKVT,NO2,25.0
104,OKVT,NO2,22.0
105,OKVT,NO2,25.0
106,OKVT,NO2,21.0
107,OKVT,NO2,18.0
108,OKVT,NO2,26.0
109,OKVT,NO2,40.0
110,OKVT,NO2,49.0
111,OKVT,NO2,56.0
113,OKVT,NO2,26.0
114,OKVT,NO2,26.0
115,OKVT,NO2,24.0
116,OKVT,NO2,27.0
117,OKVT,NO2,32.0
118,OKVT,NO2,26.0
119,OKVT,NO2,27.0
120,OKVT,NO2,28.0
121,OKVT,NO2,30.0
122,OKVT,NO2,33.0
123,OKVT,NO2,24.0
124,OKVT,NO2,29.0
125,OKVT,NO2,32.0
126,OKVT,NO2,26.0
127,OKVT,NO2,23.0
128,OKVT,NO2,30.0
129,OKVT,NO2,30.0
130,OKVT,NO2,35.0
131,OKVT,NO2,47.0
132,OKVT,NO2,57.0
133,OKVT,NO2,58.0
135,OKVT,NO2,46.0
136,OKVT,NO2,39.0
138,OKVT,NO2,28.0
139,OKVT,NO2,20.0
140,OKVT,NO2,18.0
141,OKVT,NO2,17.0
142,OKVT,NO2,12.0
143,OKVT,NO2,9.0
144,OKVT,NO2,7.0
145,OKVT,NO2,12.0
146,OKVT,NO2,9.0
147,OKVT,NO2,8.0
148,OKVT,NO2,8.0
149,OKVT,NO2,8.0
150,OKVT,NO2,8.0
151,OKVT,NO2,9.0
152,OKVT,NO2,9.0
153,OKVT,NO2,8.0
154,OKVT,NO2,8.0
155,OKVT,NO2,8.0
156,OKVT,NO2,10.0
157,OKVT,NO2,12.0
158,OKVT,NO2,12.0
159,OKVT,NO2,17.0
160,OKVT,NO2,18.0
161,OKVT,NO2,12.0
163,OKVT,NO2,12.0
164,OKVT,NO2,18.0
165,OKVT,NO2,19.0
166,OKVT,NO2,14.0
167,OKVT,NO2,8.0
168,OKVT,NO2,9.0
169,OKVT,NO2,8.0
170,OKVT,NO2,10.0
171,OKVT,NO2,12.0
172,OKVT,NO2,11.0
173,OKVT,NO2,12.0
174,OKVT,NO2,9.0
175,OKVT,NO2,12.0
176,OKVT,NO2,9.0
177,OKVT,NO2,12.0
178,OKVT,NO2,14.0
179,OKVT,NO2,15.0
181,OKVT,NO2,51.0
182,OKVT,NO2,55.0
183,OKVT,NO2,41.0
184,OKVT,NO2,33.0
185,OKVT,NO2,34.0
186,OKVT,NO2,20.0
188,OKVT,NO2,24.0
189,OKVT,NO2,32.0
190,OKVT,NO2,42.0
191,OKVT,NO2,47.0
192,OKVT,NO2,53.0
193,OKVT,NO2,42.0
194,OKVT,NO2,44.0
195,OKVT,NO2,38.0
196,OKVT,NO2,39.0
197,OKVT,NO2,37.0
198,OKVT,NO2,37.0
199,OKVT,NO2,27.0
200,OKVT,NO2,37.0
201,OKVT,NO2,36.0
202,OKVT,NO2,39.0
203,OKVT,NO2,50.0
205,OKVT,NO2,49.0
206,OKVT,NO2,22.0
207,OKVT,NO2,13.0
208,OKVT,NO2,10.0
209,OKVT,NO2,11.0
210,OKVT,NO2,9.0
211,OKVT,NO2,10.0
213,OKVT,NO2,19.0
214,OKVT,NO2,18.0
215,OKVT,NO2,17.0
216,OKVT,NO2,14.0
217,OKVT,NO2,13.0
218,OKVT,NO2,14.0
219,OKVT,NO2,13.0
220,OKVT,NO2,14.0
221,OKVT,NO2,11.0
222,OKVT,NO2,16.0
223,OKVT,NO2,13.0
224,OKVT,NO2,11.0
225,OKVT,NO2,10.0
226,OKVT,NO2,11.0
227,OKVT,NO2,11.0
228,OKVT,NO2,11.0
229,OKVT,NO2,10.0
230,OKVT,NO2,9.0
231,OKVT,NO2,9.0
232,OKVT,NO2,9.0
233,OKVT,NO2,12.0
234,OKVT,NO2,13.0
235,OKVT,NO2,15.0
236,OKVT,NO2,19.0
237,OKVT,NO2,27.0
238,OKVT,NO2,19.0
239,OKVT,NO2,14.0
240,OKVT,NO2,17.0
241,OKVT,NO2,17.0
242,OKVT,NO2,14.0
243,OKVT,NO2,15.0
244,OKVT,NO2,15.0
245,OKVT,NO2,19.0
246,OKVT,NO2,20.0
247,OKVT,NO2,23.0
248,OKVT,NO2,19.0
249,OKVT,NO2,18.0
250,OKVT,NO2,21.0
251,OKVT,NO2,22.0
252,OKVT,NO2,21.0
253,OKVT,NO2,35.0
255,OKVT,NO2,25.0
256,OKVT,NO2,19.0
257,OKVT,NO2,17.0
258,OKVT,NO2,18.0
259,OKVT,NO2,21.0
260,OKVT,NO2,26.0
261,OKVT,NO2,33.0
262,OKVT,NO2,35.0
263,OKVT,NO2,41.0
264,OKVT,NO2,48.0
265,OKVT,NO2,45.0
266,OKVT,NO2,53.0
268,OKVT,NO2,46.0
269,OKVT,NO2,44.0
270,OKVT,NO2,57.0
271,OKVT,NO2,51.0
273,OKVT,NO2,56.0
274,OKVT,NO2,23.0
275,OKVT,NO2,25.0
276,OKVT,NO2,25.0
277,OKVT,NO2,29.0
278,OKVT,NO2,23.0
280,OKVT,NO2,17.0
281,OKVT,NO2,14.0
282,OKVT,NO2,10.0
283,OKVT,NO2,9.0
284,OKVT,NO2,15.0
285,OKVT,NO2,18.0
286,OKVT,NO2,15.0
287,OKVT,NO2,19.0
288,OKVT,NO2,20.0
289,OKVT,NO2,24.0
290,OKVT,NO2,17.0
291,OKVT,NO2,19.0
292,OKVT,NO2,19.0
293,OKVT,NO2,18.0
294,OKVT,NO2,18.0
295,OKVT,NO2,19.0
296,OKVT,NO2,16.0
297,OKVT,NO2,16.0
298,OKVT,NO2,13.0
299,OKVT,NO2,17.0
300,OKVT,NO2,24.0
301,OKVT,NO2,40.0
302,OKVT,NO2,46.0
303,OKVT,NO2,26.0
305,OKVT,NO2,14.0
306,OKVT,NO2,13.0
307,OKVT,NO2,11.0
308,OKVT,NO2,13.0
309,OKVT,NO2,12.0
310,OKVT,NO2,10.0
311,OKVT,NO2,12.0
312,OKVT,NO2,17.0
313,OKVT,NO2,18.0
314,OKVT,NO2,20.0
315,OKVT,NO2,26.0
316,OKVT,NO2,24.0
317,OKVT,NO2,29.0
318,OKVT,NO2,20.0
319,OKVT,NO2,18.0
320,OKVT,NO2,15.0
321,OKVT,NO2,17.0
322,OKVT,NO2,20.0
323,OKVT,NO2,24.0
324,OKVT,NO2,24.0
325,OKVT,NO2,22.0
326,OKVT,NO2,22.0
327,OKVT,NO2,19.0
328,OKVT,NO2,16.0
330,OKVT,NO2,11.0
331,OKVT,NO2,14.0
332,OKVT,NO2,23.0
333,OKVT,NO2,32.0
334,OKVT,NO2,34.0
335,OKVT,NO2,35.0
336,OKVT,NO2,26.0
337,OKVT,NO2,24.0
338,OKVT,NO2,25.0
339,OKVT,NO2,27.0
340,OKVT,NO2,30.0
341,OKVT,NO2,36.0
342,OKVT,NO2,28.0
343,OKVT,NO2,33.0
344,OKVT,NO2,38.0
345,OKVT,NO2,35.0
346,OKVT,NO2,30.0
347,OKVT,NO2,40.0
348,OKVT,NO2,45.0
349,OKVT,NO2,39.0
350,OKVT,NO2,44.0
351,OKVT,NO2,28.0
352,OKVT,NO2,18.0
353,OKVT,NO2,16.0
355,OKVT,NO2,20.0
356,OKVT,NO2,23.0
357,OKVT,NO2,27.0
358,OKVT,NO2,31.0
359,OKVT,NO2,32.0
360,OKVT,NO2,34.0
361,OKVT,NO2,42.0
362,OKVT,NO2,31.0
363,OKVT,NO2,27.0
364,OKVT,NO2,33.0
365,OKVT,NO2,39.0
366,OKVT,NO2,36.0
367,OKVT,NO2,34.0
368,OKVT,NO2,37.0
369,OKVT,NO2,43.0
370,OKVT,NO2,31.0
371,OKVT,NO2,31.0
372,OKVT,NO2,25.0
373,OKVT,NO2,23.0
374,OKVT,NO2,19.0
375,OKVT,NO2,11.0
376,OKVT,NO2,8.0
377,OKVT,NO2,7.0
378,OKVT,NO2,11.0
380,OKVT,NO2,19.0
381,OKVT,NO2,25.0
382,OKVT,NO2,31.0
383,OKVT,NO2,33.0
384,OKVT,NO2,28.0
385,OKVT,NO2,26.0
386,OKVT,NO2,25.0
387,OKVT,NO2,27.0
388,OKVT,NO2,27.0
389,OKVT,NO2,24.0
390,OKVT,NO2,29.0
391,OKVT,NO2,33.0
392,OKVT,NO2,34.0
393,OKVT,NO2,36.0
394,OKVT,NO2,28.0
395,OKVT,NO2,27.0
396,OKVT,NO2,22.0
397,OKVT,NO2,17.0
398,OKVT,NO2,11.0
399,OKVT,NO2,6.0
400,OKVT,NO2,5.0
401,OKVT,NO2,4.0
402,OKVT,NO2,5.0
403,OKVT,NO2,6.0
405,OKVT,NO2,27.0
406,OKVT,NO2,39.0
407,OKVT,NO2,37.0
408,OKVT,NO2,31.0
409,OKVT,NO2,23.0
410,OKVT,NO2,20.0
411,OKVT,NO2,24.0
412,OKVT,NO2,27.0
413,OKVT,NO2,24.0
414,OKVT,NO2,29.0
415,OKVT,NO2,40.0
416,OKVT,NO2,40.0
417,OKVT,NO2,26.0
418,OKVT,NO2,25.0
419,OKVT,NO2,24.0
420,OKVT,NO2,29.0
421,OKVT,NO2,23.0
422,OKVT,NO2,19.0
423,OKVT,NO2,15.0
424,OKVT,NO2,12.0
425,OKVT,NO2,11.0
426,OKVT,NO2,11.0
427,OKVT,NO2,13.0
428,OKVT,NO2,16.0
429,OKVT,NO2,26.0
430,OKVT,NO2,28.0
431,OKVT,NO2,35.0
432,OKVT,NO2,23.0
433,OKVT,NO2,24.0
434,OKVT,NO2,29.0
435,OKVT,NO2,28.0
436,OKVT,NO2,26.0
437,OKVT,NO2,29.0
438,OKVT,NO2,27.0
439,OKVT,NO2,19.0
440,OKVT,NO2,27.0
441,OKVT,NO2,26.0
442,OKVT,NO2,24.0
443,OKVT,NO2,28.0
444,OKVT,NO2,38.0
445,OKVT,NO2,47.0
447,OKVT,NO2,32.0
448,OKVT,NO2,26.0
449,OKVT,NO2,28.0
450,OKVT,NO2,24.0
451,OKVT,NO2,17.0
452,OKVT,NO2,18.0
453,OKVT,NO2,23.0
454,OKVT,NO2,22.0
455,OKVT,NO2,23.0
456,OKVT,NO2,25.0
457,OKVT,NO2,22.0
458,OKVT,NO2,21.0
459,OKVT,NO2,24.0
460,OKVT,NO2,26.0
461,OKVT,NO2,31.0
462,OKVT,NO2,28.0
463,OKVT,NO2,30.0
464,OKVT,NO2,35.0
465,OKVT,NO2,30.0
466,OKVT,NO2,41.0
467,OKVT,NO2,38.0
468,OKVT,NO2,31.0
469,OKVT,NO2,35.0
470,OKVT,NO2,36.0
472,OKVT,NO2,20.0
473,OKVT,NO2,13.0
474,OKVT,NO2,11.0
475,OKVT,NO2,10.0
476,OKVT,NO2,6.0
477,OKVT,NO2,8.0
478,OKVT,NO2,10.0
479,OKVT,NO2,11.0
480,OKVT,NO2,11.0
481,OKVT,NO2,16.0
482,OKVT,NO2,12.0
483,OKVT,NO2,19.0
484,OKVT,NO2,18.0
485,OKVT,NO2,16.0
486,OKVT,NO2,17.0
487,OKVT,NO2,15.0
488,OKVT,NO2,15.0
489,OKVT,NO2,20.0
490,OKVT,NO2,18.0
491,OKVT,NO2,25.0
492,OKVT,NO2,30.0
493,OKVT,NO2,35.0
494,OKVT,NO2,24.0
495,OKVT,NO2,19.0
497,OKVT,NO2,15.0
498,OKVT,NO2,15.0
499,OKVT,NO2,15.0
500,OKVT,NO2,25.0
501,OKVT,NO2,26.0
502,OKVT,NO2,27.0
503,OKVT,NO2,28.0
504,OKVT,NO2,28.0
505,OKVT,NO2,29.0
506,OKVT,NO2,31.0
507,OKVT,NO2,36.0
508,OKVT,NO2,37.0
509,OKVT,NO2,40.0
510,OKVT,NO2,45.0
511,OKVT,NO2,41.0
512,OKVT,NO2,44.0
513,OKVT,NO2,33.0
514,OKVT,NO2,40.0
515,OKVT,NO2,43.0
516,OKVT,NO2,30.0
517,OKVT,NO2,19.0
518,OKVT,NO2,10.0
519,OKVT,NO2,4.0
520,OKVT,NO2,5.0
522,OKVT,NO2,6.0
523,OKVT,NO2,8.0
524,OKVT,NO2,16.0
525,OKVT,NO2,26.0
526,OKVT,NO2,31.0
527,OKVT,NO2,29.0
528,OKVT,NO2,23.0
529,OKVT,NO2,18.0
530,OKVT,NO2,32.0
531,OKVT,NO2,19.0
532,OKVT,NO2,20.0
533,OKVT,NO2,35.0
534,OKVT,NO2,33.0
535,OKVT,NO2,21.0
536,OKVT,NO2,24.0
537,OKVT,NO2,22.0
538,OKVT,NO2,22.0
539,OKVT,NO2,38.0
540,OKVT,NO2,29.0
541,OKVT,NO2,27.0
542,OKVT,NO2,23.0
543,OKVT,NO2,19.0
544,OKVT,NO2,9.0
545,OKVT,NO2,6.0
547,OKVT,NO2,12.0
548,OKVT,NO2,29.0
549,OKVT,NO2,35.0
550,OKVT,NO2,36.0
551,OKVT,NO2,29.0
552,OKVT,NO2,29.0
553,OKVT,NO2,26.0
554,OKVT,NO2,27.0
555,OKVT,NO2,26.0
556,OKVT,NO2,25.0
557,OKVT,NO2,23.0
558,OKVT,NO2,42.0
559,OKVT,NO2,34.0
560,OKVT,NO2,40.0
561,OKVT,NO2,29.0
562,OKVT,NO2,22.0
563,OKVT,NO2,21.0
564,OKVT,NO2,28.0
565,OKVT,NO2,29.0
566,OKVT,NO2,25.0
567,OKVT,NO2,17.0
568,OKVT,NO2,15.0
569,OKVT,NO2,12.0
570,OKVT,NO2,12.0
572,OKVT,NO2,28.0
573,OKVT,NO2,29.0
574,OKVT,NO2,30.0
575,OKVT,NO2,26.0
576,OKVT,NO2,23.0
577,OKVT,NO2,23.0
578,OKVT,NO2,26.0
579,OKVT,NO2,20.0
580,OKVT,NO2,23.0
581,OKVT,NO2,24.0
582,OKVT,NO2,22.0
583,OKVT,NO2,26.0
584,OKVT,NO2,29.0
585,OKVT,NO2,28.0
586,OKVT,NO2,28.0
587,OKVT,NO2,26.0
588,OKVT,NO2,24.0
589,OKVT,NO2,17.0
590,OKVT,NO2,16.0
591,OKVT,NO2,11.0
592,OKVT,NO2,10.0
593,OKVT,NO2,8.0
594,OKVT,NO2,8.0
595,OKVT,NO2,13.0
597,OKVT,NO2,29.0
598,OKVT,NO2,28.0
599,OKVT,NO2,25.0
600,OKVT,NO2,19.0
601,OKVT,NO2,24.0
602,OKVT,NO2,19.0
603,OKVT,NO2,17.0
604,OKVT,NO2,22.0
605,OKVT,NO2,18.0
606,OKVT,NO2,14.0
607,OKVT,NO2,15.0
608,OKVT,NO2,16.0
609,OKVT,NO2,11.0
610,OKVT,NO2,18.0
611,OKVT,NO2,24.0
612,OKVT,NO2,22.0
613,OKVT,NO2,31.0
614,OKVT,NO2,21.0
615,OKVT,NO2,13.0
616,OKVT,NO2,15.0
617,OKVT,NO2,12.0
618,OKVT,NO2,10.0
619,OKVT,NO2,8.0
620,OKVT,NO2,15.0
621,OKVT,NO2,15.0
622,OKVT,NO2,13.0
623,OKVT,NO2,10.0
624,OKVT,NO2,13.0
625,OKVT,NO2,16.0
626,OKVT,NO2,15.0
627,OKVT,NO2,13.0
628,OKVT,NO2,10.0
629,OKVT,NO2,9.0
630,OKVT,NO2,10.0
631,OKVT,NO2,11.0
632,OKVT,NO2,10.0
633,OKVT,NO2,11.0
634,OKVT,NO2,9.0
635,OKVT,NO2,15.0
636,OKVT,NO2,14.0
637,OKVT,NO2,22.0
639,OKVT,NO2,19.0
640,OKVT,NO2,13.0
641,OKVT,NO2,11.0
642,OKVT,NO2,6.0
643,OKVT,NO2,8.0
644,OKVT,NO2,6.0
645,OKVT,NO2,7.0
646,OKVT,NO2,5.0
647,OKVT,NO2,5.0
648,OKVT,NO2,5.0
649,OKVT,NO2,7.0
650,OKVT,NO2,9.0
651,OKVT,NO2,8.0
652,OKVT,NO2,8.0
653,OKVT,NO2,10.0
654,OKVT,NO2,10.0
655,OKVT,NO2,10.0
656,OKVT,NO2,12.0
657,OKVT,NO2,13.0
658,OKVT,NO2,8.0
659,OKVT,NO2,9.0
660,OKVT,NO2,14.0
661,OKVT,NO2,9.0
662,OKVT,NO2,6.0
664,OKVT,NO2,8.0
665,OKVT,NO2,7.0
666,OKVT,NO2,4.0
667,OKVT,NO2,5.0
668,OKVT,NO2,15.0
669,OKVT,NO2,25.0
670,OKVT,NO2,28.0
671,OKVT,NO2,20.0
672,OKVT,NO2,17.0
673,OKVT,NO2,16.0
674,OKVT,NO2,18.0
675,OKVT,NO2,19.0
676,OKVT,NO2,18.0
677,OKVT,NO2,18.0
678,OKVT,NO2,18.0
679,OKVT,NO2,15.0
680,OKVT,NO2,13.0
681,OKVT,NO2,16.0
682,OKVT,NO2,16.0
683,OKVT,NO2,29.0
684,OKVT,NO2,36.0
685,OKVT,NO2,32.0
686,OKVT,NO2,27.0
687,OKVT,NO2,29.0
689,OKVT,NO2,14.0
690,OKVT,NO2,15.0
691,OKVT,NO2,13.0
692,OKVT,NO2,21.0
693,OKVT,NO2,29.0
694,OKVT,NO2,30.0
695,OKVT,NO2,26.0
696,OKVT,NO2,17.0
697,OKVT,NO2,18.0
698,OKVT,NO2,17.0
699,OKVT,NO2,16.0
700,OKVT,NO2,18.0
701,OKVT,NO2,15.0
702,OKVT,NO2,14.0
703,OKVT,NO2,15.0
704,OKVT,NO2,16.0
705,OKVT,NO2,13.0
706,OKVT,NO2,14.0
707,OKVT,NO2,15.0
708,OKVT,NO2,22.0
709,OKVT,NO2,21.0
710,OKVT,NO2,14.0
711,OKVT,NO2,9.0
712,OKVT,NO2,9.0
714,OKVT,NO2,9.0
715,OKVT,NO2,12.0
716,OKVT,NO2,21.0
717,OKVT,NO2,32.0
718,OKVT,NO2,33.0
719,OKVT,NO2,46.0
0,OKVT,PM1024,9.0
1,OKVT,PM1024,9.0
2,OKVT,PM1024,9.0
3,OKVT,PM1024,9.0
4,OKVT,PM1024,9.0
5,OKVT,PM1024,10.0
6,OKVT,PM1024,11.0
7,OKVT,PM1024,11.0
8,OKVT,PM1024,11.0
9,OKVT,PM1024,12.0
10,OKVT,PM1024,12.0
11,OKVT,PM1024,12.0
12,OKVT,PM1024,12.0
13,OKVT,PM1024,12.0
14,OKVT,PM1024,12.0
15,OKVT,PM1024,12.0
16,OKVT,PM1024,12.0
17,OKVT,PM1024,13.0
18,OKVT,PM1024,13.0
19,OKVT,PM1024,13.0
20,OKVT,PM1024,13.0
21,OKVT,PM1024,13.0
22,OKVT,PM1024,13.0
23,OKVT,PM1024,14.0
24,OKVT,PM1024,14.0
25,OKVT,PM1024,14.0
26,OKVT,PM1024,14.0
27,OKVT,PM1024,14.0
28,OKVT,PM1024,14.0
29,OKVT,PM1024,14.0
30,OKVT,PM1024,13.0
31,OKVT,PM1024,13.0
32,OKVT,PM1024,13.0
33,OKVT,PM1024,12.0
34,OKVT,PM1024,12.0
35,OKVT,PM1024,12.0
36,OKVT,PM1024,12.0
37,OKVT,PM1024,12.0
38,OKVT,PM1024,12.0
39,OKVT,PM1024,12.0
40,OKVT,PM1024,12.0
41,OKVT,PM1024,11.0
42,OKVT,PM1024,11.0
43,OKVT,PM1024,11.0
44,OKVT,PM1024,11.0
45,OKVT,PM1024,11.0
46,OKVT,PM1024,11.0
47,OKVT,PM1024,10.0
48,OKVT,PM1024,10.0
49,OKVT,PM1024,10.0
50,OKVT,PM1024,10.0
51,OKVT,PM1024,10.0
52,OKVT,PM1024,10.0
53,OKVT,PM1024,10.0
54,OKVT,PM1024,10.0
55,OKVT,PM1024,10.0
56,OKVT,PM1024,10.0
57,OKVT,PM1024,10.0
58,OKVT,PM1024,10.0
59,OKVT,PM1024,11.0
60,OKVT,PM1024,11.0
61,OKVT,PM1024,11.0
62,OKVT,PM1024,12.0
63,OKVT,PM1024,12.0
64,OKVT,PM1024,12.0
65,OKVT,PM1024,13.0
66,OKVT,PM1024,13.0
67,OKVT,PM1024,13.0
68,OKVT,PM1024,14.0
69,OKVT,PM1024,14.0
70,OKVT,PM1024,14.0
71,OKVT,PM1024,15.0
72,OKVT,PM1024,15.0
73,OKVT,PM1024,16.0
74,OKVT,PM1024,16.0
75,OKVT,PM1024,16.0
76,OKVT,PM1024,16.0
77,OKVT,PM1024,16.0
78,OKVT,PM1024,16.0
79,OKVT,PM1024,16.0
80,OKVT,PM1024,16.0
81,OKVT,PM1024,16.0
82,OKVT,PM1024,16.0
83,OKVT,PM1024,16.0
84,OKVT,PM1024,16.0
85,OKVT,PM1024,16.0
86,OKVT,PM1024,16.0
87,OKVT,PM1024,16.0
88,OKVT,PM1024,16.0
89,OKVT,PM1024,16.0
90,OKVT,PM1024,16.0
91,OKVT,PM1024,16.0
92,OKVT,PM1024,16.0
93,OKVT,PM1024,17.0
94,OKVT,PM1024,17.0
95,OKVT,PM1024,17.0
96,OKVT,PM1024,17.0
97,OKVT,PM1024,17.0
98,OKVT,PM1024,17.0
99,OKVT,PM1024,17.0
100,OKVT,PM1024,18.0
101,OKVT,PM1024,17.0
102,OKVT,PM1024,17.0
103,OKVT,PM1024,17.0
104,OKVT,PM1024,17.0
105,OKVT,PM1024,17.0
106,OKVT,PM1024,17.0
107,OKVT,PM1024,17.0
108,OKVT,PM1024,17.0
109,OKVT,PM1024,18.0
110,OKVT,PM1024,18.0
111,OKVT,PM1024,18.0
112,OKVT,PM1024,18.0
113,OKVT,PM1024,18.0
114,OKVT,PM1024,18.0
115,OKVT,PM1024,18.0
116,OKVT,PM1024,18.0
117,OKVT,PM1024,18.0
118,OKVT,PM1024,18.0
119,OKVT,PM1024,17.0
120,OKVT,PM1024,17.0
121,OKVT,PM1024,17.0
122,OKVT,PM1024,17.0
123,OKVT,PM1024,17.0
124,OKVT,PM1024,17.0
125,OKVT,PM1024,17.0
126,OKVT,PM1024,17.0
127,OKVT,PM1024,17.0
128,OKVT,PM1024,16.0
129,OKVT,PM1024,17.0
130,OKVT,PM1024,17.0
131,OKVT,PM1024,17.0
132,OKVT,PM1024,17.0
133,OKVT,PM1024,17.0
134,OKVT,PM1024,17.0
135,OKVT,PM1024,18.0
136,OKVT,PM1024,18.0
137,OKVT,PM1024,18.0
138,OKVT,PM1024,18.0
139,OKVT,PM1024,18.0
140,OKVT,PM1024,19.0
141,OKVT,PM1024,19.0
142,OKVT,PM1024,19.0
143,OKVT,PM1024,20.0
144,OKVT,PM1024,20.0
145,OKVT,PM1024,20.0
146,OKVT,PM1024,20.0
147,OKVT,PM1024,20.0
148,OKVT,PM1024,20.0
149,OKVT,PM1024,19.0
150,OKVT,PM1024,19.0
151,OKVT,PM1024,19.0
152,OKVT,PM1024,19.0
153,OKVT,PM1024,18.0
154,OKVT,PM1024,18.0
155,OKVT,PM1024,18.0
156,OKVT,PM1024,17.0
157,OKVT,PM1024,16.0
158,OKVT,PM1024,16.0
159,OKVT,PM1024,15.0
160,OKVT,PM1024,14.0
161,OKVT,PM1024,14.0
162,OKVT,PM1024,14.0
163,OKVT,PM1024,13.0
164,OKVT,PM1024,12.0
165,OKVT,PM1024,11.0
166,OKVT,PM1024,11.0
167,OKVT,PM1024,10.0
168,OKVT,PM1024,9.0
169,OKVT,PM1024,9.0
170,OKVT,PM1024,8.0
171,OKVT,PM1024,8.0
172,OKVT,PM1024,8.0
173,OKVT,PM1024,8.0
174,OKVT,PM1024,8.0
175,OKVT,PM1024,8.0
176,OKVT,PM1024,8.0
177,OKVT,PM1024,8.0
178,OKVT,PM1024,8.0
179,OKVT,PM1024,8.0
180,OKVT,PM1024,8.0
181,OKVT,PM1024,8.0
182,OKVT,PM1024,9.0
183,OKVT,PM1024,9.0
184,OKVT,PM1024,9.0
185,OKVT,PM1024,9.0
186,OKVT,PM1024,9.0
187,OKVT,PM1024,9.0
188,OKVT,PM1024,9.0
189,OKVT,PM1024,10.0
190,OKVT,PM1024,10.0
191,OKVT,PM1024,12.0
192,OKVT,PM1024,14.0
193,OKVT,PM1024,14.0
194,OKVT,PM1024,15.0
195,OKVT,PM1024,16.0
196,OKVT,PM1024,17.0
197,OKVT,PM1024,18.0
198,OKVT,PM1024,19.0
199,OKVT,PM1024,21.0
200,OKVT,PM1024,22.0
201,OKVT,PM1024,23.0
202,OKVT,PM1024,24.0
203,OKVT,PM1024,26.0
204,OKVT,PM1024,26.0
205,OKVT,PM1024,27.0
206,OKVT,PM1024,28.0
207,OKVT,PM1024,28.0
215,OKVT,PM1024,28.0
216,OKVT,PM1024,27.0
217,OKVT,PM1024,27.0
218,OKVT,PM1024,26.0
219,OKVT,PM1024,26.0
220,OKVT,PM1024,25.0
221,OKVT,PM1024,24.0
222,OKVT,PM1024,23.0
223,OKVT,PM1024,23.0
224,OKVT,PM1024,22.0
225,OKVT,PM1024,21.0
226,OKVT,PM1024,20.0
227,OKVT,PM1024,19.0
228,OKVT,PM1024,18.0
229,OKVT,PM1024,17.0
230,OKVT,PM1024,16.0
231,OKVT,PM1024,16.0
232,OKVT,PM1024,15.0
233,OKVT,PM1024,15.0
234,OKVT,PM1024,15.0
235,OKVT,PM1024,15.0
236,OKVT,PM1024,15.0
237,OKVT,PM1024,15.0
238,OKVT,PM1024,15.0
239,OKVT,PM1024,16.0
240,OKVT,PM1024,16.0
241,OKVT,PM1024,16.0
242,OKVT,PM1024,16.0
243,OKVT,PM1024,16.0
244,OKVT,PM1024,16.0
245,OKVT,PM1024,16.0
246,OKVT,PM1024,16.0
247,OKVT,PM1024,16.0
248,OKVT,PM1024,15.0
249,OKVT,PM1024,15.0
250,OKVT,PM1024,15.0
251,OKVT,PM1024,15.0
252,OKVT,PM1024,15.0
253,OKVT,PM1024,15.0
254,OKVT,PM1024,16.0
255,OKVT,PM1024,16.0
256,OKVT,PM1024,16.0
257,OKVT,PM1024,16.0
258,OKVT,PM1024,16.0
259,OKVT,PM1024,16.0
260,OKVT,PM1024,16.0
261,OKVT,PM1024,16.0
262,OKVT,PM1024,17.0
263,OKVT,PM1024,18.0
264,OKVT,PM1024,18.0
265,OKVT,PM1024,18.0
266,OKVT,PM1024,18.0
267,OKVT,PM1024,18.0
268,OKVT,PM1024,19.0
269,OKVT,PM1024,20.0
270,OKVT,PM1024,21.0
271,OKVT,PM1024,22.0
272,OKVT,PM1024,23.0
273,OKVT,PM1024,24.0
274,OKVT,PM1024,25.0
275,OKVT,PM1024,26.0
276,OKVT,PM1024,26.0
277,OKVT,PM1024,26.0
278,OKVT,PM1024,26.0
279,OKVT,PM1024,26.0
280,OKVT,PM1024,27.0
281,OKVT,PM1024,27.0
282,OKVT,PM1024,28.0
283,OKVT,PM1024,28.0
284,OKVT,PM1024,28.0
285,OKVT,PM1024,28.0
286,OKVT,PM1024,26.0
287,OKVT,PM1024,26.0
288,OKVT,PM1024,25.0
289,OKVT,PM1024,25.0
290,OKVT,PM1024,24.0
291,OKVT,PM1024,24.0
292,OKVT,PM1024,23.0
293,OKVT,PM1024,23.0
294,OKVT,PM1024,22.0
295,OKVT,PM1024,21.0
296,OKVT,PM1024,20.0
297,OKVT,PM1024,19.0
298,OKVT,PM1024,18.0
299,OKVT,PM1024,18.0
300,OKVT,PM1024,18.0
301,OKVT,PM1024,18.0
302,OKVT,PM1024,18.0
303,OKVT,PM1024,17.0
304,OKVT,PM1024,17.0
305,OKVT,PM1024,17.0
306,OKVT,PM1024,16.0
307,OKVT,PM1024,16.0
308,OKVT,PM1024,16.0
309,OKVT,PM1024,15.0
310,OKVT,PM1024,15.0
311,OKVT,PM1024,15.0
312,OKVT,PM1024,15.0
313,OKVT,PM1024,16.0
314,OKVT,PM1024,16.0
315,OKVT,PM1024,16.0
316,OKVT,PM1024,17.0
317,OKVT,PM1024,17.0
318,OKVT,PM1024,17.0
319,OKVT,PM1024,18.0
320,OKVT,PM1024,18.0
321,OKVT,PM1024,18.0
322,OKVT,PM1024,18.0
323,OKVT,PM1024,17.0
324,OKVT,PM1024,17.0
325,OKVT,PM1024,17.0
326,OKVT,PM1024,16.0
327,OKVT,PM1024,16.0
328,OKVT,PM1024,16.0
329,OKVT,PM1024,16.0
330,OKVT,PM1024,16.0
331,OKVT,PM1024,16.0
332,OKVT,PM1024,16.0
333,OKVT,PM1024,16.0
334,OKVT,PM1024,17.0
335,OKVT,PM1024,18.0
336,OKVT,PM1024,18.0
337,OKVT,PM1024,18.0
338,OKVT,PM1024,18.0
339,OKVT,PM1024,18.0
340,OKVT,PM1024,17.0
341,OKVT,PM1024,17.0
342,OKVT,PM1024,16.0
343,OKVT,PM1024,16.0
344,OKVT,PM1024,15.0
345,OKVT,PM1024,15.0
346,OKVT,PM1024,15.0
347,OKVT,PM1024,16.0
348,OKVT,PM1024,16.0
349,OKVT,PM1024,16.0
350,OKVT,PM1024,17.0
351,OKVT,PM1024,17.0
352,OKVT,PM1024,17.0
353,OKVT,PM1024,17.0
354,OKVT,PM1024,17.0
355,OKVT,PM1024,17.0
356,OKVT,PM1024,17.0
357,OKVT,PM1024,16.0
358,OKVT,PM1024,16.0
359,OKVT,PM1024,15.0
360,OKVT,PM1024,15.0
361,OKVT,PM1024,15.0
362,OKVT,PM1024,15.0
363,OKVT,PM1024,15.0
364,OKVT,PM1024,15.0
365,OKVT,PM1024,15.0
366,OKVT,PM1024,15.0
367,OKVT,PM1024,15.0
368,OKVT,PM1024,16.0
369,OKVT,PM1024,16.0
370,OKVT,PM1024,16.0
371,OKVT,PM1024,15.0
372,OKVT,PM1024,15.0
373,OKVT,PM1024,15.0
374,OKVT,PM1024,14.0
375,OKVT,PM1024,14.0
376,OKVT,PM1024,14.0
377,OKVT,PM1024,14.0
378,OKVT,PM1024,14.0
379,OKVT,PM1024,14.0
380,OKVT,PM1024,14.0
381,OKVT,PM1024,14.0
382,OKVT,PM1024,14.0
383,OKVT,PM1024,14.0
384,OKVT,PM1024,14.0
385,OKVT,PM1024,14.0
386,OKVT,PM1024,14.0
387,OKVT,PM1024,14.0
388,OKVT,PM1024,14.0
389,OKVT,PM1024,13.0
390,OKVT,PM1024,13.0
391,OKVT,PM1024,13.0
392,OKVT,PM1024,13.0
393,OKVT,PM1024,13.0
394,OKVT,PM1024,13.0
395,OKVT,PM1024,13.0
396,OKVT,PM1024,14.0
397,OKVT,PM1024,13.0
398,OKVT,PM1024,13.0
399,OKVT,PM1024,13.0
400,OKVT,PM1024,13.0
401,OKVT,PM1024,13.0
402,OKVT,PM1024,12.0
403,OKVT,PM1024,12.0
404,OKVT,PM1024,11.0
405,OKVT,PM1024,11.0
406,OKVT,PM1024,11.0
407,OKVT,PM1024,11.0
408,OKVT,PM1024,10.0
409,OKVT,PM1024,10.0
410,OKVT,PM1024,10.0
411,OKVT,PM1024,10.0
412,OKVT,PM1024,10.0
413,OKVT,PM1024,10.0
414,OKVT,PM1024,10.0
415,OKVT,PM1024,10.0
416,OKVT,PM1024,10.0
417,OKVT,PM1024,9.0
418,OKVT,PM1024,9.0
419,OKVT,PM1024,9.0
420,OKVT,PM1024,9.0
421,OKVT,PM1024,9.0
422,OKVT,PM1024,9.0
423,OKVT,PM1024,9.0
424,OKVT,PM1024,9.0
425,OKVT,PM1024,9.0
426,OKVT,PM1024,9.0
427,OKVT,PM1024,9.0
428,OKVT,PM1024,10.0
429,OKVT,PM1024,10.0
430,OKVT,PM1024,10.0
431,OKVT,PM1024,10.0
432,OKVT,PM1024,10.0
433,OKVT,PM1024,12.0
434,OKVT,PM1024,13.0
435,OKVT,PM1024,13.0
436,OKVT,PM1024,13.0
437,OKVT,PM1024,13.0
438,OKVT,PM1024,14.0
439,OKVT,PM1024,14.0
440,OKVT,PM1024,14.0
441,OKVT,PM1024,14.0
442,OKVT,PM1024,14.0
443,OKVT,PM1024,14.0
444,OKVT,PM1024,14.0
445,OKVT,PM1024,14.0
446,OKVT,PM1024,14.0
447,OKVT,PM1024,14.0
448,OKVT,PM1024,14.0
449,OKVT,PM1024,15.0
450,OKVT,PM1024,15.0
451,OKVT,PM1024,15.0
452,OKVT,PM1024,15.0
453,OKVT,PM1024,15.0
454,OKVT,PM1024,15.0
455,OKVT,PM1024,15.0
456,OKVT,PM1024,14.0
457,OKVT,PM1024,12.0
458,OKVT,PM1024,11.0
459,OKVT,PM1024,11.0
460,OKVT,PM1024,11.0
461,OKVT,PM1024,11.0
462,OKVT,PM1024,10.0
463,OKVT,PM1024,11.0
464,OKVT,PM1024,11.0
465,OKVT,PM1024,11.0
466,OKVT,PM1024,11.0
467,OKVT,PM1024,11.0
468,OKVT,PM1024,11.0
469,OKVT,PM1024,11.0
470,OKVT,PM1024,11.0
471,OKVT,PM1024,11.0
472,OKVT,PM1024,11.0
473,OKVT,PM1024,11.0
474,OKVT,PM1024,10.0
475,OKVT,PM1024,10.0
476,OKVT,PM1024,10.0
477,OKVT,PM1024,10.0
478,OKVT,PM1024,10.0
479,OKVT,PM1024,10.0
480,OKVT,PM1024,10.0
481,OKVT,PM1024,10.0
482,OKVT,PM1024,10.0
483,OKVT,PM1024,10.0
484,OKVT,PM1024,11.0
485,OKVT,PM1024,11.0
486,OKVT,PM1024,12.0
487,OKVT,PM1024,12.0
488,OKVT,PM1024,12.0
489,OKVT,PM1024,13.0
490,OKVT,PM1024,13.0
491,OKVT,PM1024,13.0
492,OKVT,PM1024,13.0
493,OKVT,PM1024,14.0
494,OKVT,PM1024,14.0
495,OKVT,PM1024,14.0
496,OKVT,PM1024,14.0
497,OKVT,PM1024,14.0
498,OKVT,PM1024,15.0
499,OKVT,PM1024,15.0
500,OKVT,PM1024,15.0
501,OKVT,PM1024,15.0
502,OKVT,PM1024,16.0
503,OKVT,PM1024,16.0
504,OKVT,PM1024,16.0
505,OKVT,PM1024,16.0
506,OKVT,PM1024,18.0
507,OKVT,PM1024,20.0
508,OKVT,PM1024,20.0
509,OKVT,PM1024,21.0
510,OKVT,PM1024,21.0
511,OKVT,PM1024,22.0
512,OKVT,PM1024,22.0
513,OKVT,PM1024,22.0
514,OKVT,PM1024,22.0
515,OKVT,PM1024,22.0
516,OKVT,PM1024,22.0
517,OKVT,PM1024,22.0
518,OKVT,PM1024,22.0
519,OKVT,PM1024,22.0
520,OKVT,PM1024,21.0
521,OKVT,PM1024,21.0
522,OKVT,PM1024,21.0
523,OKVT,PM1024,21.0
524,OKVT,PM1024,21.0
525,OKVT,PM1024,21.0
526,OKVT,PM1024,21.0
527,OKVT,PM1024,20.0
528,OKVT,PM1024,20.0
529,OKVT,PM1024,19.0
530,OKVT,PM1024,18.0
531,OKVT,PM1024,15.0
532,OKVT,PM1024,14.0
533,OKVT,PM1024,14.0
534,OKVT,PM1024,13.0
535,OKVT,PM1024,14.0
536,OKVT,PM1024,15.0
537,OKVT,PM1024,15.0
538,OKVT,PM1024,15.0
539,OKVT,PM1024,14.0
540,OKVT,PM1024,14.0
541,OKVT,PM1024,14.0
542,OKVT,PM1024,14.0
543,OKVT,PM1024,14.0
544,OKVT,PM1024,14.0
545,OKVT,PM1024,13.0
546,OKVT,PM1024,13.0
547,OKVT,PM1024,13.0
548,OKVT,PM1024,13.0
549,OKVT,PM1024,14.0
550,OKVT,PM1024,14.0
551,OKVT,PM1024,14.0
552,OKVT,PM1024,15.0
553,OKVT,PM1024,15.0
554,OKVT,PM1024,16.0
555,OKVT,PM1024,16.0
556,OKVT,PM1024,17.0
557,OKVT,PM1024,17.0
558,OKVT,PM1024,17.0
559,OKVT,PM1024,15.0
560,OKVT,PM1024,13.0
561,OKVT,PM1024,13.0
562,OKVT,PM1024,13.0
563,OKVT,PM1024,13.0
564,OKVT,PM1024,13.0
565,OKVT,PM1024,13.0
566,OKVT,PM1024,12.0
567,OKVT,PM1024,13.0
568,OKVT,PM1024,13.0
569,OKVT,PM1024,13.0
570,OKVT,PM1024,13.0
571,OKVT,PM1024,13.0
572,OKVT,PM1024,13.0
573,OKVT,PM1024,13.0
574,OKVT,PM1024,13.0
575,OKVT,PM1024,13.0
576,OKVT,PM1024,13.0
577,OKVT,PM1024,12.0
578,OKVT,PM1024,12.0
579,OKVT,PM1024,12.0
580,OKVT,PM1024,11.0
581,OKVT,PM1024,11.0
582,OKVT,PM1024,11.0
583,OKVT,PM1024,12.0
584,OKVT,PM1024,12.0
585,OKVT,PM1024,12.0
586,OKVT,PM1024,12.0
587,OKVT,PM1024,12.0
588,OKVT,PM1024,12.0
589,OKVT,PM1024,12.0
590,OKVT,PM1024,12.0
591,OKVT,PM1024,12.0
592,OKVT,PM1024,12.0
593,OKVT,PM1024,12.0
594,OKVT,PM1024,12.0
595,OKVT,PM1024,12.0
596,OKVT,PM1024,11.0
597,OKVT,PM1024,11.0
598,OKVT,PM1024,11.0
599,OKVT,PM1024,10.0
600,OKVT,PM1024,9.0
601,OKVT,PM1024,9.0
602,OKVT,PM1024,9.0
603,OKVT,PM1024,9.0
604,OKVT,PM1024,8.0
605,OKVT,PM1024,8.0
606,OKVT,PM1024,8.0
607,OKVT,PM1024,8.0
608,OKVT,PM1024,8.0
609,OKVT,PM1024,8.0
610,OKVT,PM1024,8.0
611,OKVT,PM1024,8.0
612,OKVT,PM1024,8.0
613,OKVT,PM1024,8.0
614,OKVT,PM1024,8.0
615,OKVT,PM1024,8.0
616,OKVT,PM1024,8.0
617,OKVT,PM1024,8.0
618,OKVT,PM1024,8.0
619,OKVT,PM1024,9.0
620,OKVT,PM1024,9.0
621,OKVT,PM1024,9.0
622,OKVT,PM1024,10.0
623,OKVT,PM1024,10.0
624,OKVT,PM1024,11.0
625,OKVT,PM1024,11.0
626,OKVT,PM1024,11.0
627,OKVT,PM1024,12.0
628,OKVT,PM1024,12.0
629,OKVT,PM1024,12.0
630,OKVT,PM1024,12.0
631,OKVT,PM1024,12.0
632,OKVT,PM1024,12.0
633,OKVT,PM1024,12.0
634,OKVT,PM1024,12.0
635,OKVT,PM1024,13.0
636,OKVT,PM1024,13.0
637,OKVT,PM1024,13.0
638,OKVT,PM1024,13.0
639,OKVT,PM1024,13.0
640,OKVT,PM1024,13.0
641,OKVT,PM1024,13.0
642,OKVT,PM1024,13.0
643,OKVT,PM1024,13.0
644,OKVT,PM1024,12.0
645,OKVT,PM1024,12.0
646,OKVT,PM1024,12.0
647,OKVT,PM1024,12.0
648,OKVT,PM1024,11.0
649,OKVT,PM1024,11.0
650,OKVT,PM1024,11.0
651,OKVT,PM1024,10.0
652,OKVT,PM1024,10.0
653,OKVT,PM1024,10.0
654,OKVT,PM1024,10.0
655,OKVT,PM1024,10.0
656,OKVT,PM1024,9.0
657,OKVT,PM1024,9.0
658,OKVT,PM1024,9.0
659,OKVT,PM1024,9.0
660,OKVT,PM1024,9.0
661,OKVT,PM1024,9.0
662,OKVT,PM1024,9.0
663,OKVT,PM1024,9.0
664,OKVT,PM1024,9.0
665,OKVT,PM1024,9.0
666,OKVT,PM1024,9.0
667,OKVT,PM1024,9.0
668,OKVT,PM1024,9.0
669,OKVT,PM1024,9.0
670,OKVT,PM1024,9.0
671,OKVT,PM1024,8.0
672,OKVT,PM1024,8.0
673,OKVT,PM1024,8.0
674,OKVT,PM1024,9.0
675,OKVT,PM1024,9.0
676,OKVT,PM1024,9.0
677,OKVT,PM1024,10.0
678,OKVT,PM1024,10.0
679,OKVT,PM1024,10.0
680,OKVT,PM1024,10.0
681,OKVT,PM1024,10.0
682,OKVT,PM1024,10.0
683,OKVT,PM1024,10.0
684,OKVT,PM1024,10.0
685,OKVT,PM1024,10.0
686,OKVT,PM1024,10.0
687,OKVT,PM1024,10.0
688,OKVT,PM1024,10.0
689,OKVT,PM1024,10.0
690,OKVT,PM1024,10.0
691,OKVT,PM1024,10.0
692,OKVT,PM1024,11.0
693,OKVT,PM1024,11.0
694,OKVT,PM1024,12.0
695,OKVT,PM1024,12.0
696,OKVT,PM1024,13.0
697,OKVT,PM1024,13.0
698,OKVT,PM1024,13.0
699,OKVT,PM1024,13.0
700,OKVT,PM1024,13.0
701,OKVT,PM1024,14.0
702,OKVT,PM1024,14.0
703,OKVT,PM1024,14.0
704,OKVT,PM1024,15.0
705,OKVT,PM1024,15.0
706,OKVT,PM1024,15.0
707,OKVT,PM1024,16.0
708,OKVT,PM1024,16.0
709,OKVT,PM1024,17.0
710,OKVT,PM1024,17.0
711,OKVT,PM1024,17.0
712,OKVT,PM1024,17.0
713,OKVT,PM1024,17.0
714,OKVT,PM1024,17.0
715,OKVT,PM1024,17.0
716,OKVT,PM1024,17.0
717,OKVT,PM1024,17.0
718,OKVT,PM1024,17.0
719,OKVT,PM1024,17.0
0,OKVT,PPP,1003.0
1,OKVT,PPP,1003.9
2,OKVT,PPP,1004.0
3,OKVT,PPP,1004.0
4,OKVT,PPP,1004.0
5,OKVT,PPP,1004.0
6,OKVT,PPP,1004.0
7,OKVT,PPP,1004.0
8,OKVT,PPP,1004.0
9,OKVT,PPP,1004.4
10,OKVT,PPP,1005.0
11,OKVT,PPP,1005.0
12,OKVT,PPP,1005.9
13,OKVT,PPP,1006.0
14,OKVT,PPP,1006.5
15,OKVT,PPP,1007.0
16,OKVT,PPP,1007.0
17,OKVT,PPP,1007.0
18,OKVT,PPP,1007.0
19,OKVT,PPP,1007.0
20,OKVT,PPP,1007.0
21,OKVT,PPP,1007.0
22,OKVT,PPP,1007.1
23,OKVT,PPP,1008.0
24,OKVT,PPP,1007.2
25,OKVT,PPP,1007.5
26,OKVT,PPP,1007.3
27,OKVT,PPP,1007.0
28,OKVT,PPP,1007.0
29,OKVT,PPP,1007.0
30,OKVT,PPP,1007.0
31,OKVT,PPP,1007.0
32,OKVT,PPP,1006.2
33,OKVT,PPP,1006.0
34,OKVT,PPP,1006.0
35,OKVT,PPP,1006.0
36,OKVT,PPP,1006.2
37,OKVT,PPP,1007.0
38,OKVT,PPP,1007.0
39,OKVT,PPP,1006.9
40,OKVT,PPP,1006.0
41,OKVT,PPP,1006.0
42,OKVT,PPP,1006.0
43,OKVT,PPP,1006.0
44,OKVT,PPP,1006.0
45,OKVT,PPP,1006.5
46,OKVT,PPP,1007.0
47,OKVT,PPP,1007.8
48,OKVT,PPP,1008.0
49,OKVT,PPP,1008.4
50,OKVT,PPP,1009.0
51,OKVT,PPP,1009.0
52,OKVT,PPP,1009.0
53,OKVT,PPP,1009.2
54,OKVT,PPP,1010.0
55,OKVT,PPP,1010.6
56,OKVT,PPP,1010.8
57,OKVT,PPP,1011.2
58,OKVT,PPP,1012.0
59,OKVT,PPP,1012.4
60,OKVT,PPP,1013.2
61,OKVT,PPP,1014.0
62,OKVT,PPP,1014.0
63,OKVT,PPP,1014.8
64,OKVT,PPP,1015.0
65,OKVT,PPP,1015.0
66,OKVT,PPP,1015.0
67,OKVT,PPP,1015.5
68,OKVT,PPP,1016.0
69,OKVT,PPP,1016.0
70,OKVT,PPP,1016.0
71,OKVT,PPP,1016.9
72,OKVT,PPP,1017.0
73,OKVT,PPP,1017.1
74,OKVT,PPP,1017.3
75,OKVT,PPP,1017.0
76,OKVT,PPP,1017.0
77,OKVT,PPP,1017.2
78,OKVT,PPP,1017.1
79,OKVT,PPP,1017.0
80,OKVT,PPP,1017.0
81,OKVT,PPP,1017.0
82,OKVT,PPP,1017.0
83,OKVT,PPP,1017.0
84,OKVT,PPP,1017.2
85,OKVT,PPP,1018.0
86,OKVT,PPP,1018.0
87,OKVT,PPP,1018.0
88,OKVT,PPP,1018.0
89,OKVT,PPP,1018.0
90,OKVT,PPP,1018.0
91,OKVT,PPP,1018.1
92,OKVT,PPP,1019.0
93,OKVT,PPP,1019.0
94,OKVT,PPP,1019.0
95,OKVT,PPP,1019.0
96,OKVT,PPP,1019.5
97,OKVT,PPP,1019.0
98,OKVT,PPP,1019.1
99,OKVT,PPP,1019.0
100,OKVT,PPP,1018.9
101,OKVT,PPP,1018.0
102,OKVT,PPP,1018.0
103,OKVT,PPP,1018.0
104,OKVT,PPP,1017.5
105,OKVT,PPP,1017.0
106,OKVT,PPP,1017.0
107,OKVT,PPP,1017.0
108,OKVT,PPP,1017.2
109,OKVT,PPP,1017.7
110,OKVT,PPP,1017.6
111,OKVT,PPP,1017.8
112,OKVT,PPP,1017.0
113,OKVT,PPP,1017.0
114,OKVT,PPP,1017.0
115,OKVT,PPP,1017.0
116,OKVT,PPP,1017.0
117,OKVT,PPP,1017.0
118,OKVT,PPP,1017.0
119,OKVT,PPP,1017.2
120,OKVT,PPP,1017.8
121,OKVT,PPP,1018.0
122,OKVT,PPP,1018.0
123,OKVT,PPP,1017.5
124,OKVT,PPP,1017.0
125,OKVT,PPP,1017.0
126,OKVT,PPP,1017.0
127,OKVT,PPP,1017.0
128,OKVT,PPP,1017.0
129,OKVT,PPP,1016.9
130,OKVT,PPP,1016.3
131,OKVT,PPP,1016.0
132,OKVT,PPP,1016.7
133,OKVT,PPP,1017.0
134,OKVT,PPP,1017.0
135,OKVT,PPP,1017.0
136,OKVT,PPP,1017.0
137,OKVT,PPP,1017.1
138,OKVT,PPP,1018.0
139,OKVT,PPP,1018.0
140,OKVT,PPP,1018.6
141,OKVT,PPP,1019.0
142,OKVT,PPP,1019.9
143,OKVT,PPP,1020.2
144,OKVT,PPP,1021.0
145,OKVT,PPP,1021.0
146,OKVT,PPP,1021.0
147,OKVT,PPP,1021.0
148,OKVT,PPP,1021.0
149,OKVT,PPP,1021.0
150,OKVT,PPP,1021.0
151,OKVT,PPP,1021.0
152,OKVT,PPP,1021.0
153,OKVT,PPP,1021.0
154,OKVT,PPP,1021.0
155,OKVT,PPP,1021.0
156,OKVT,PPP,1021.3
157,OKVT,PPP,1022.0
158,OKVT,PPP,1022.3
159,OKVT,PPP,1022.8
160,OKVT,PPP,1022.0
161,OKVT,PPP,1022.0
162,OKVT,PPP,1022.5
163,OKVT,PPP,1022.6
164,OKVT,PPP,1022.9
165,OKVT,PPP,1023.0
166,OKVT,PPP,1023.0
167,OKVT,PPP,1023.0
168,OKVT,PPP,1023.0
169,OKVT,PPP,1023.0
170,OKVT,PPP,1023.0
171,OKVT,PPP,1023.0
172,OKVT,PPP,1022.7
173,OKVT,PPP,1022.0
174,OKVT,PPP,1022.0
175,OKVT,PPP,1021.7
176,OKVT,PPP,1021.0
177,OKVT,PPP,1021.0
178,OKVT,PPP,1021.0
179,OKVT,PPP,1021.0
180,OKVT,PPP,1021.0
181,OKVT,PPP,1021.0
182,OKVT,PPP,1021.0
183,OKVT,PPP,1021.0
184,OKVT,PPP,1021.0
185,OKVT,PPP,1021.0
186,OKVT,PPP,1020.7
187,OKVT,PPP,1020.0
188,OKVT,PPP,1020.0
189,OKVT,PPP,1020.0
190,OKVT,PPP,1020.0
191,OKVT,PPP,1020.0
192,OKVT,PPP,1020.0
193,OKVT,PPP,1019.9
194,OKVT,PPP,1019.0
195,OKVT,PPP,1018.7
196,OKVT,PPP,1018.0
197,OKVT,PPP,1017.1
198,OKVT,PPP,1016.7
199,OKVT,PPP,1016.0
200,OKVT,PPP,1015.2
201,OKVT,PPP,1014.7
202,OKVT,PPP,1014.0
203,OKVT,PPP,1014.0
204,OKVT,PPP,1014.0
205,OKVT,PPP,1014.0
206,OKVT,PPP,1014.0
207,OKVT,PPP,1014.1
208,OKVT,PPP,1014.9
209,OKVT,PPP,1015.0
210,OKVT,PPP,1015.0
211,OKVT,PPP,1015.0
212,OKVT,PPP,1015.7
213,OKVT,PPP,1016.0
214,OKVT,PPP,1016.2
215,OKVT,PPP,1017.0
216,OKVT,PPP,1017.0
217,OKVT,PPP,1017.0
218,OKVT,PPP,1017.0
219,OKVT,PPP,1017.0
220,OKVT,PPP,1017.0
221,OKVT,PPP,1017.0
222,OKVT,PPP,1016.9
223,OKVT,PPP,1016.0
224,OKVT,PPP,1016.0
225,OKVT,PPP,1016.0
226,OKVT,PPP,1015.8
227,OKVT,PPP,1016.0
228,OKVT,PPP,1016.0
229,OKVT,PPP,1016.1
230,OKVT,PPP,1017.0
231,OKVT,PPP,1017.0
232,OKVT,PPP,1017.0
233,OKVT,PPP,1017.0
234,OKVT,PPP,1017.0
235,OKVT,PPP,1017.0
236,OKVT,PPP,1017.0
237,OKVT,PPP,1017.0
238,OKVT,PPP,1017.0
239,OKVT,PPP,1017.0
240,OKVT,PPP,1017.0
241,OKVT,PPP,1017.1
242,OKVT,PPP,1017.0
243,OKVT,PPP,1017.0
244,OKVT,PPP,1016.2
245,OKVT,PPP,1016.0
246,OKVT,PPP,1016.0
247,OKVT,PPP,1015.2
248,OKVT,PPP,1015.0
249,OKVT,PPP,1014.8
250,OKVT,PPP,1014.1
251,OKVT,PPP,1014.0
252,OKVT,PPP,1014.0
253,OKVT,PPP,1014.0
254,OKVT,PPP,1014.6
255,OKVT,PPP,1014.0
256,OKVT,PPP,1014.0
257,OKVT,PPP,1014.0
258,OKVT,PPP,1014.0
259,OKVT,PPP,1014.0
260,OKVT,PPP,1013.6
261,OKVT,PPP,1013.7
262,OKVT,PPP,1013.5
263,OKVT,PPP,1013.1
264,OKVT,PPP,1013.0
265,OKVT,PPP,1013.0
266,OKVT,PPP,1013.0
267,OKVT,PPP,1012.7
268,OKVT,PPP,1012.0
269,OKVT,PPP,1012.0
270,OKVT,PPP,1011.7
271,OKVT,PPP,1010.7
272,OKVT,PPP,1009.9
273,OKVT,PPP,1010.8
274,OKVT,PPP,1014.2
275,OKVT,PPP,1012.1
276,OKVT,PPP,1010.5
277,OKVT,PPP,1010.7
278,OKVT,PPP,1011.9
279,OKVT,PPP,1012.0
280,OKVT,PPP,1011.4
281,OKVT,PPP,1011.0
282,OKVT,PPP,1011.0
283,OKVT,PPP,1011.3
284,OKVT,PPP,1011.7
285,OKVT,PPP,1012.0
286,OKVT,PPP,1012.0
287,OKVT,PPP,1012.0
288,OKVT,PPP,1012.0
289,OKVT,PPP,1012.0
290,OKVT,PPP,1012.0
291,OKVT,PPP,1011.6
292,OKVT,PPP,1011.0
293,OKVT,PPP,1010.9
294,OKVT,PPP,1010.0
295,OKVT,PPP,1009.9
296,OKVT,PPP,1009.0
297,OKVT,PPP,1008.6
298,OKVT,PPP,1008.0
299,OKVT,PPP,1008.0
300,OKVT,PPP,1008.0
301,OKVT,PPP,1007.3
302,OKVT,PPP,1007.0
303,OKVT,PPP,1007.0
304,OKVT,PPP,1006.2
305,OKVT,PPP,1005.8
306,OKVT,PPP,1005.0
307,OKVT,PPP,1004.4
308,OKVT,PPP,1003.8
309,OKVT,PPP,1003.0
310,OKVT,PPP,1003.0
311,OKVT,PPP,1003.2
312,OKVT,PPP,1003.1
313,OKVT,PPP,1002.7
314,OKVT,PPP,1002.0
315,OKVT,PPP,1002.1
316,OKVT,PPP,1002.0
317,OKVT,PPP,1002.0
318,OKVT,PPP,1002.0
319,OKVT,PPP,1002.0
320,OKVT,PPP,1001.9
321,OKVT,PPP,1001.9
322,OKVT,PPP,1002.7
323,OKVT,PPP,1003.0
324,OKVT,PPP,1003.4
325,OKVT,PPP,1004.3
326,OKVT,PPP,1004.8
327,OKVT,PPP,1005.0
328,OKVT,PPP,1005.0
329,OKVT,PPP,1005.0
330,OKVT,PPP,1005.0
331,OKVT,PPP,1005.0
332,OKVT,PPP,1005.6
333,OKVT,PPP,1006.0
334,OKVT,PPP,1006.0
335,OKVT,PPP,1006.4
336,OKVT,PPP,1007.0
337,OKVT,PPP,1007.0
338,OKVT,PPP,1007.0
339,OKVT,PPP,1007.0
340,OKVT,PPP,1007.0
341,OKVT,PPP,1006.8
342,OKVT,PPP,1006.0
343,OKVT,PPP,1006.0
344,OKVT,PPP,1005.0
345,OKVT,PPP,1004.9
346,OKVT,PPP,1004.0
347,OKVT,PPP,1004.0
348,OKVT,PPP,1004.0
349,OKVT,PPP,1003.9
350,OKVT,PPP,1003.0
351,OKVT,PPP,1003.0
352,OKVT,PPP,1002.2
353,OKVT,PPP,1002.0
354,OKVT,PPP,1001.4
355,OKVT,PPP,1001.0
356,OKVT,PPP,1000.0
357,OKVT,PPP,999.7
358,OKVT,PPP,999.0
359,OKVT,PPP,998.8
360,OKVT,PPP,998.3
361,OKVT,PPP,997.8
362,OKVT,PPP,997.4
363,OKVT,PPP,996.9
364,OKVT,PPP,996.2
365,OKVT,PPP,996.1
366,OKVT,PPP,995.0
367,OKVT,PPP,994.5
368,OKVT,PPP,994.1
369,OKVT,PPP,993.5
370,OKVT,PPP,994.5
371,OKVT,PPP,994.7
372,OKVT,PPP,994.9
373,OKVT,PPP,995.4
374,OKVT,PPP,995.6
375,OKVT,PPP,995.8
376,OKVT,PPP,996.0
377,OKVT,PPP,996.0
378,OKVT,PPP,996.2
379,OKVT,PPP,996.5
380,OKVT,PPP,996.9
381,OKVT,PPP,996.8
382,OKVT,PPP,997.2
383,OKVT,PPP,997.6
384,OKVT,PPP,997.9
385,OKVT,PPP,997.9
386,OKVT,PPP,997.9
387,OKVT,PPP,998.1
388,OKVT,PPP,998.0
389,OKVT,PPP,997.9
390,OKVT,PPP,997.7
391,OKVT,PPP,997.4
392,OKVT,PPP,997.3
393,OKVT,PPP,997.0
394,OKVT,PPP,996.8
395,OKVT,PPP,996.6
396,OKVT,PPP,996.2
397,OKVT,PPP,995.8
398,OKVT,PPP,995.0
399,OKVT,PPP,994.5
400,OKVT,PPP,993.8
401,OKVT,PPP,993.2
402,OKVT,PPP,993.1
403,OKVT,PPP,993.0
404,OKVT,PPP,993.2
405,OKVT,PPP,993.1
406,OKVT,PPP,993.2
407,OKVT,PPP,993.0
408,OKVT,PPP,992.9
409,OKVT,PPP,992.7
410,OKVT,PPP,992.4
411,OKVT,PPP,992.0
412,OKVT,PPP,991.8
413,OKVT,PPP,991.4
414,OKVT,PPP,991.9
415,OKVT,PPP,992.6
416,OKVT,PPP,992.4
417,OKVT,PPP,992.1
418,OKVT,PPP,992.5
419,OKVT,PPP,993.3
420,OKVT,PPP,993.8
421,OKVT,PPP,994.4
422,OKVT,PPP,995.1
423,OKVT,PPP,995.8
424,OKVT,PPP,996.2
425,OKVT,PPP,996.5
426,OKVT,PPP,996.9
427,OKVT,PPP,997.3
428,OKVT,PPP,997.8
429,OKVT,PPP,998.5
430,OKVT,PPP,999.0
431,OKVT,PPP,999.7
432,OKVT,PPP,1000.6
433,OKVT,PPP,1001.0
434,OKVT,PPP,1001.4
435,OKVT,PPP,1002.0
436,OKVT,PPP,1002.0
437,OKVT,PPP,1002.7
438,OKVT,PPP,1003.0
439,OKVT,PPP,1004.0
440,OKVT,PPP,1004.0
441,OKVT,PPP,1004.2
442,OKVT,PPP,1004.9
443,OKVT,PPP,1005.0
444,OKVT,PPP,1005.0
445,OKVT,PPP,1006.0
446,OKVT,PPP,1006.0
447,OKVT,PPP,1006.0
448,OKVT,PPP,1006.0
449,OKVT,PPP,1006.0
450,OKVT,PPP,1006.0
451,OKVT,PPP,1006.0
452,OKVT,PPP,1006.0
453,OKVT,PPP,1006.0
454,OKVT,PPP,1006.0
455,OKVT,PPP,1006.0
456,OKVT,PPP,1006.0
457,OKVT,PPP,1005.5
458,OKVT,PPP,1005.0
459,OKVT,PPP,1005.0
460,OKVT,PPP,1005.0
461,OKVT,PPP,1004.6
462,OKVT,PPP,1004.0
463,OKVT,PPP,1004.0
464,OKVT,PPP,1003.2
465,OKVT,PPP,1004.3
466,OKVT,PPP,1004.8
467,OKVT,PPP,1005.0
468,OKVT,PPP,1005.0
469,OKVT,PPP,1005.0
470,OKVT,PPP,1005.0
471,OKVT,PPP,1005.0
472,OKVT,PPP,1005.6
473,OKVT,PPP,1006.0
474,OKVT,PPP,1006.0
475,OKVT,PPP,1006.0
476,OKVT,PPP,1007.0
477,OKVT,PPP,1007.0
478,OKVT,PPP,1007.5
479,OKVT,PPP,1008.0
480,OKVT,PPP,1008.9
481,OKVT,PPP,1009.7
482,OKVT,PPP,1010.2
483,OKVT,PPP,1011.0
484,OKVT,PPP,1011.9
485,OKVT,PPP,1012.0
486,OKVT,PPP,1012.0
487,OKVT,PPP,1012.1
488,OKVT,PPP,1012.0
489,OKVT,PPP,1012.0
490,OKVT,PPP,1012.0
491,OKVT,PPP,1012.0
492,OKVT,PPP,1012.0
493,OKVT,PPP,1012.0
494,OKVT,PPP,1012.0
495,OKVT,PPP,1012.0
496,OKVT,PPP,1011.7
497,OKVT,PPP,1011.0
498,OKVT,PPP,1011.0
499,OKVT,PPP,1010.2
500,OKVT,PPP,1010.0
501,OKVT,PPP,1009.9
502,OKVT,PPP,1009.0
503,OKVT,PPP,1008.7
504,OKVT,PPP,1008.0
505,OKVT,PPP,1007.9
506,OKVT,PPP,1007.0
507,OKVT,PPP,1006.2
508,OKVT,PPP,1006.0
509,OKVT,PPP,1005.1
510,OKVT,PPP,1005.0
511,OKVT,PPP,1004.2
512,OKVT,PPP,1003.2
513,OKVT,PPP,1002.5
514,OKVT,PPP,1001.9
515,OKVT,PPP,1001.0
516,OKVT,PPP,1000.2
517,OKVT,PPP,1000.0
518,OKVT,PPP,1001.0
519,OKVT,PPP,1001.7
520,OKVT,PPP,1002.0
521,OKVT,PPP,1002.0
522,OKVT,PPP,1001.5
523,OKVT,PPP,1001.0
524,OKVT,PPP,1001.0
525,OKVT,PPP,1001.0
526,OKVT,PPP,1001.8
527,OKVT,PPP,1002.3
528,OKVT,PPP,1003.0
529,OKVT,PPP,1003.1
530,OKVT,PPP,1004.0
531,OKVT,PPP,1004.0
532,OKVT,PPP,1004.0
533,OKVT,PPP,1005.4
534,OKVT,PPP,1005.0
535,OKVT,PPP,1005.0
536,OKVT,PPP,1005.0
537,OKVT,PPP,1005.0
538,OKVT,PPP,1005.6
539,OKVT,PPP,1005.8
540,OKVT,PPP,1005.4
541,OKVT,PPP,1006.0
542,OKVT,PPP,1006.0
543,OKVT,PPP,1006.0
544,OKVT,PPP,1006.0
545,OKVT,PPP,1006.0
546,OKVT,PPP,1006.0
547,OKVT,PPP,1006.0
548,OKVT,PPP,1006.0
549,OKVT,PPP,1006.0
550,OKVT,PPP,1006.0
551,OKVT,PPP,1006.0
552,OKVT,PPP,1006.0
553,OKVT,PPP,1006.0
554,OKVT,PPP,1006.0
555,OKVT,PPP,1006.0
556,OKVT,PPP,1005.5
557,OKVT,PPP,1005.7
558,OKVT,PPP,1006.6
559,OKVT,PPP,1007.0
560,OKVT,PPP,1007.0
561,OKVT,PPP,1006.8
562,OKVT,PPP,1006.7
563,OKVT,PPP,1007.5
564,OKVT,PPP,1007.2
565,OKVT,PPP,1008.0
566,OKVT,PPP,1008.0
567,OKVT,PPP,1008.0
568,OKVT,PPP,1008.0
569,OKVT,PPP,1008.0
570,OKVT,PPP,1008.0
571,OKVT,PPP,1008.0
572,OKVT,PPP,1008.0
573,OKVT,PPP,1008.5
574,OKVT,PPP,1009.0
575,OKVT,PPP,1009.0
576,OKVT,PPP,1009.9
577,OKVT,PPP,1010.0
578,OKVT,PPP,1010.0
579,OKVT,PPP,1009.5
580,OKVT,PPP,1009.0
581,OKVT,PPP,1009.0
582,OKVT,PPP,1009.7
583,OKVT,PPP,1010.0
584,OKVT,PPP,1009.2
585,OKVT,PPP,1009.1
586,OKVT,PPP,1009.0
587,OKVT,PPP,1009.4
588,OKVT,PPP,1010.0
589,OKVT,PPP,1010.0
590,OKVT,PPP,1009.5
591,OKVT,PPP,1008.6
592,OKVT,PPP,1007.6
593,OKVT,PPP,1006.8
594,OKVT,PPP,1005.8
595,OKVT,PPP,1005.0
596,OKVT,PPP,1005.0
597,OKVT,PPP,1005.0
598,OKVT,PPP,1005.0
599,OKVT,PPP,1005.1
600,OKVT,PPP,1005.2
601,OKVT,PPP,1006.0
602,OKVT,PPP,1006.0
603,OKVT,PPP,1006.0
604,OKVT,PPP,1006.4
605,OKVT,PPP,1007.0
606,OKVT,PPP,1007.0
607,OKVT,PPP,1007.0
608,OKVT,PPP,1007.0
609,OKVT,PPP,1007.0
610,OKVT,PPP,1007.0
611,OKVT,PPP,1007.0
612,OKVT,PPP,1007.0
613,OKVT,PPP,1007.0
614,OKVT,PPP,1007.0
615,OKVT,PPP,1007.0
616,OKVT,PPP,1007.0
617,OKVT,PPP,1007.0
618,OKVT,PPP,1007.0
619,OKVT,PPP,1007.0
620,OKVT,PPP,1007.0
621,OKVT,PPP,1007.0
622,OKVT,PPP,1007.0
623,OKVT,PPP,1007.0
624,OKVT,PPP,1006.5
625,OKVT,PPP,1006.0
626,OKVT,PPP,1005.8
627,OKVT,PPP,1005.9
628,OKVT,PPP,1006.2
629,OKVT,PPP,1007.0
630,OKVT,PPP,1007.0
631,OKVT,PPP,1007.1
632,OKVT,PPP,1007.0
633,OKVT,PPP,1007.0
634,OKVT,PPP,1007.0
635,OKVT,PPP,1007.0
636,OKVT,PPP,1007.0
637,OKVT,PPP,1007.0
638,OKVT,PPP,1006.9
639,OKVT,PPP,1006.0
640,OKVT,PPP,1005.9
641,OKVT,PPP,1005.0
642,OKVT,PPP,1005.0
643,OKVT,PPP,1004.5
644,OKVT,PPP,1004.0
645,OKVT,PPP,1004.0
646,OKVT,PPP,1004.0
647,OKVT,PPP,1004.0
648,OKVT,PPP,1004.0
649,OKVT,PPP,1004.8
650,OKVT,PPP,1005.0
651,OKVT,PPP,1005.0
652,OKVT,PPP,1005.0
653,OKVT,PPP,1004.7
654,OKVT,PPP,1004.8
655,OKVT,PPP,1005.0
656,OKVT,PPP,1005.0
657,OKVT,PPP,1005.0
658,OKVT,PPP,1005.0
659,OKVT,PPP,1005.0
660,OKVT,PPP,1005.0
661,OKVT,PPP,1005.0
662,OKVT,PPP,1005.0
663,OKVT,PPP,1005.0
664,OKVT,PPP,1004.6
665,OKVT,PPP,1004.0
666,OKVT,PPP,1004.0
667,OKVT,PPP,1004.0
668,OKVT,PPP,1004.0
669,OKVT,PPP,1004.0
670,OKVT,PPP,1004.0
671,OKVT,PPP,1004.0
672,OKVT,PPP,1004.7
673,OKVT,PPP,1005.0
674,OKVT,PPP,1005.1
675,OKVT,PPP,1005.9
676,OKVT,PPP,1006.0
677,OKVT,PPP,1006.0
678,OKVT,PPP,1006.0
679,OKVT,PPP,1006.0
680,OKVT,PPP,1006.0
681,OKVT,PPP,1005.7
682,OKVT,PPP,1005.0
683,OKVT,PPP,1005.0
684,OKVT,PPP,1005.3
685,OKVT,PPP,1006.0
686,OKVT,PPP,1006.0
687,OKVT,PPP,1006.0
688,OKVT,PPP,1005.6
689,OKVT,PPP,1005.0
690,OKVT,PPP,1005.0
691,OKVT,PPP,1005.0
692,OKVT,PPP,1004.7
693,OKVT,PPP,1004.1
694,OKVT,PPP,1004.0
695,OKVT,PPP,1004.0
696,OKVT,PPP,1004.0
697,OKVT,PPP,1004.0
698,OKVT,PPP,1003.9
699,OKVT,PPP,1003.8
700,OKVT,PPP,1004.0
701,OKVT,PPP,1004.0
702,OKVT,PPP,1004.0
703,OKVT,PPP,1004.0
704,OKVT,PPP,1004.0
705,OKVT,PPP,1004.0
706,OKVT,PPP,1004.5
707,OKVT,PPP,1005.0
708,OKVT,PPP,1005.5
709,OKVT,PPP,1006.2
710,OKVT,PPP,1007.0
711,OKVT,PPP,1007.0
712,OKVT,PPP,1007.0
713,OKVT,PPP,1007.0
714,OKVT,PPP,1007.0
715,OKVT,PPP,1007.0
716,OKVT,PPP,1007.0
717,OKVT,PPP,1007.5
718,OKVT,PPP,1008.0
719,OKVT,PPP,1008.0
0,OKVT,TF,92.0
1,OKVT,TF,94.0
2,OKVT,TF,93.0
3,OKVT,TF,91.0
4,OKVT,TF,88.0
5,OKVT,TF,93.0
6,OKVT,TF,93.0
7,OKVT,TF,91.0
8,OKVT,TF,87.0
9,OKVT,TF,80.0
10,OKVT,TF,79.0
11,OKVT,TF,86.0
12,OKVT,TF,90.0
13,OKVT,TF,92.0
14,OKVT,TF,94.0
15,OKVT,TF,95.0
16,OKVT,TF,96.0
17,OKVT,TF,97.0
18,OKVT,TF,97.0
19,OKVT,TF,98.0
20,OKVT,TF,98.0
21,OKVT,TF,98.0
22,OKVT,TF,98.0
23,OKVT,TF,93.0
24,OKVT,TF,65.0
25,OKVT,TF,59.0
26,OKVT,TF,57.0
27,OKVT,TF,58.0
28,OKVT,TF,61.0
29,OKVT,TF,55.0
30,OKVT,TF,53.0
31,OKVT,TF,62.0
32,OKVT,TF,58.0
33,OKVT,TF,58.0
34,OKVT,TF,63.0
35,OKVT,TF,68.0
36,OKVT,TF,79.0
37,OKVT,TF,87.0
38,OKVT,TF,92.0
39,OKVT,TF,93.0
40,OKVT,TF,95.0
41,OKVT,TF,96.0
42,OKVT,TF,96.0
43,OKVT,TF,96.0
44,OKVT,TF,96.0
45,OKVT,TF,96.0
46,OKVT,TF,97.0
47,OKVT,TF,96.0
48,OKVT,TF,94.0
49,OKVT,TF,82.0
50,OKVT,TF,79.0
51,OKVT,TF,72.0
52,OKVT,TF,73.0
53,OKVT,TF,68.0
54,OKVT,TF,70.0
55,OKVT,TF,77.0
56,OKVT,TF,83.0
57,OKVT,TF,75.0
58,OKVT,TF,77.0
59,OKVT,TF,77.0
60,OKVT,TF,83.0
61,OKVT,TF,85.0
62,OKVT,TF,82.0
63,OKVT,TF,81.0
64,OKVT,TF,81.0
65,OKVT,TF,83.0
66,OKVT,TF,86.0
67,OKVT,TF,88.0
68,OKVT,TF,90.0
69,OKVT,TF,89.0
70,OKVT,TF,86.0
71,OKVT,TF,82.0
72,OKVT,TF,77.0
73,OKVT,TF,72.0
74,OKVT,TF,68.0
75,OKVT,TF,62.0
76,OKVT,TF,56.0
77,OKVT,TF,55.0
78,OKVT,TF,56.0
79,OKVT,TF,50.0
80,OKVT,TF,51.0
81,OKVT,TF,52.0
82,OKVT,TF,51.0
83,OKVT,TF,54.0
84,OKVT,TF,61.0
85,OKVT,TF,69.0
86,OKVT,TF,77.0
87,OKVT,TF,82.0
88,OKVT,TF,85.0
89,OKVT,TF,87.0
90,OKVT,TF,89.0
91,OKVT,TF,91.0
92,OKVT,TF,92.0
93,OKVT,TF,91.0
94,OKVT,TF,88.0
95,OKVT,TF,81.0
96,OKVT,TF,58.0
97,OKVT,TF,50.0
98,OKVT,TF,48.0
99,OKVT,TF,47.0
100,OKVT,TF,47.0
101,OKVT,TF,46.0
102,OKVT,TF,44.0
103,OKVT,TF,45.0
104,OKVT,TF,41.0
105,OKVT,TF,40.0
106,OKVT,TF,43.0
107,OKVT,TF,51.0
108,OKVT,TF,58.0
109,OKVT,TF,64.0
110,OKVT,TF,71.0
111,OKVT,TF,77.0
112,OKVT,TF,81.0
113,OKVT,TF,85.0
114,OKVT,TF,87.0
115,OKVT,TF,89.0
116,OKVT,TF,90.0
117,OKVT,TF,91.0
118,OKVT,TF,87.0
119,OKVT,TF,77.0
120,OKVT,TF,54.0
121,OKVT,TF,44.0
122,OKVT,TF,39.0
123,OKVT,TF,36.0
124,OKVT,TF,35.0
125,OKVT,TF,38.0
126,OKVT,TF,35.0
127,OKVT,TF,35.0
128,OKVT,TF,35.0
129,OKVT,TF,36.0
130,OKVT,TF,38.0
131,OKVT,TF,43.0
132,OKVT,TF,53.0
133,OKVT,TF,62.0
134,OKVT,TF,68.0
135,OKVT,TF,70.0
136,OKVT,TF,73.0
137,OKVT,TF,76.0
138,OKVT,TF,80.0
139,OKVT,TF,82.0
140,OKVT,TF,84.0
141,OKVT,TF,86.0
142,OKVT,TF,82.0
143,OKVT,TF,77.0
144,OKVT,TF,66.0
145,OKVT,TF,58.0
146,OKVT,TF,56.0
147,OKVT,TF,51.0
148,OKVT,TF,44.0
149,OKVT,TF,45.0
150,OKVT,TF,41.0
151,OKVT,TF,37.0
152,OKVT,TF,37.0
153,OKVT,TF,39.0
154,OKVT,TF,43.0
155,OKVT,TF,47.0
156,OKVT,TF,45.0
157,OKVT,TF,50.0
158,OKVT,TF,55.0
159,OKVT,TF,60.0
160,OKVT,TF,63.0
161,OKVT,TF,67.0
162,OKVT,TF,71.0
163,OKVT,TF,74.0
164,OKVT,TF,77.0
165,OKVT,TF,78.0
166,OKVT,TF,73.0
167,OKVT,TF,65.0
168,OKVT,TF,49.0
169,OKVT,TF,37.0
170,OKVT,TF,31.0
171,OKVT,TF,29.0
172,OKVT,TF,30.0
173,OKVT,TF,32.0
174,OKVT,TF,32.0
175,OKVT,TF,30.0
176,OKVT,TF,31.0
177,OKVT,TF,33.0
178,OKVT,TF,34.0
179,OKVT,TF,34.0
180,OKVT,TF,40.0
181,OKVT,TF,51.0
182,OKVT,TF,59.0
183,OKVT,TF,64.0
184,OKVT,TF,70.0
185,OKVT,TF,74.0
186,OKVT,TF,76.0
187,OKVT,TF,78.0
188,OKVT,TF,80.0
189,OKVT,TF,80.0
190,OKVT,TF,74.0
191,OKVT,TF,64.0
192,OKVT,TF,45.0
193,OKVT,TF,37.0
194,OKVT,TF,33.0
195,OKVT,TF,32.0
196,OKVT,TF,31.0
197,OKVT,TF,30.0
198,OKVT,TF,29.0
199,OKVT,TF,31.0
200,OKVT,TF,31.0
201,OKVT,TF,32.0
202,OKVT,TF,33.0
203,OKVT,TF,37.0
204,OKVT,TF,47.0
205,OKVT,TF,58.0
206,OKVT,TF,52.0
207,OKVT,TF,55.0
208,OKVT,TF,62.0
209,OKVT,TF,69.0
210,OKVT,TF,72.0
211,OKVT,TF,74.0
212,OKVT,TF,78.0
213,OKVT,TF,80.0
214,OKVT,TF,70.0
215,OKVT,TF,62.0
216,OKVT,TF,51.0
217,OKVT,TF,46.0
218,OKVT,TF,39.0
219,OKVT,TF,37.0
220,OKVT,TF,38.0
221,OKVT,TF,40.0
222,OKVT,TF,36.0
223,OKVT,TF,37.0
224,OKVT,TF,36.0
225,OKVT,TF,37.0
226,OKVT,TF,38.0
227,OKVT,TF,41.0
228,OKVT,TF,47.0
229,OKVT,TF,53.0
230,OKVT,TF,54.0
231,OKVT,TF,61.0
232,OKVT,TF,74.0
233,OKVT,TF,81.0
234,OKVT,TF,83.0
235,OKVT,TF,85.0
236,OKVT,TF,86.0
237,OKVT,TF,86.0
238,OKVT,TF,85.0
239,OKVT,TF,78.0
240,OKVT,TF,58.0
241,OKVT,TF,47.0
242,OKVT,TF,40.0
243,OKVT,TF,31.0
244,OKVT,TF,30.0
245,OKVT,TF,30.0
246,OKVT,TF,28.0
247,OKVT,TF,26.0
248,OKVT,TF,27.0
249,OKVT,TF,27.0
250,OKVT,TF,28.0
251,OKVT,TF,32.0
252,OKVT,TF,38.0
253,OKVT,TF,43.0
254,OKVT,TF,49.0
255,OKVT,TF,55.0
256,OKVT,TF,61.0
257,OKVT,TF,65.0
258,OKVT,TF,68.0
259,OKVT,TF,69.0
260,OKVT,TF,70.0
261,OKVT,TF,69.0
262,OKVT,TF,64.0
263,OKVT,TF,56.0
264,OKVT,TF,38.0
265,OKVT,TF,36.0
266,OKVT,TF,41.0
267,OKVT,TF,38.0
268,OKVT,TF,39.0
269,OKVT,TF,42.0
270,OKVT,TF,45.0
271,OKVT,TF,46.0
272,OKVT,TF,44.0
273,OKVT,TF,59.0
274,OKVT,TF,93.0
275,OKVT,TF,95.0
276,OKVT,TF,95.0
277,OKVT,TF,96.0
278,OKVT,TF,96.0
279,OKVT,TF,96.0
280,OKVT,TF,97.0
281,OKVT,TF,97.0
282,OKVT,TF,97.0
283,OKVT,TF,97.0
284,OKVT,TF,96.0
285,OKVT,TF,96.0
286,OKVT,TF,93.0
287,OKVT,TF,80.0
288,OKVT,TF,57.0
289,OKVT,TF,49.0
290,OKVT,TF,48.0
291,OKVT,TF,47.0
292,OKVT,TF,47.0
293,OKVT,TF,49.0
294,OKVT,TF,51.0
295,OKVT,TF,49.0
296,OKVT,TF,50.0
297,OKVT,TF,51.0
298,OKVT,TF,53.0
299,OKVT,TF,55.0
300,OKVT,TF,59.0
301,OKVT,TF,63.0
302,OKVT,TF,70.0
303,OKVT,TF,74.0
304,OKVT,TF,74.0
305,OKVT,TF,77.0
306,OKVT,TF,78.0
307,OKVT,TF,80.0
308,OKVT,TF,83.0
309,OKVT,TF,83.0
310,OKVT,TF,81.0
311,OKVT,TF,81.0
312,OKVT,TF,87.0
313,OKVT,TF,89.0
314,OKVT,TF,74.0
315,OKVT,TF,89.0
316,OKVT,TF,90.0
317,OKVT,TF,89.0
318,OKVT,TF,74.0
319,OKVT,TF,64.0
320,OKVT,TF,60.0
321,OKVT,TF,60.0
322,OKVT,TF,84.0
323,OKVT,TF,96.0
324,OKVT,TF,97.0
325,OKVT,TF,97.0
326,OKVT,TF,97.0
327,OKVT,TF,98.0
328,OKVT,TF,98.0
329,OKVT,TF,98.0
330,OKVT,TF,99.0
331,OKVT,TF,99.0
332,OKVT,TF,99.0
333,OKVT,TF,99.0
334,OKVT,TF,98.0
335,OKVT,TF,96.0
336,OKVT,TF,83.0
337,OKVT,TF,63.0
338,OKVT,TF,55.0
339,OKVT,TF,51.0
340,OKVT,TF,50.0
341,OKVT,TF,51.0
342,OKVT,TF,50.0
343,OKVT,TF,49.0
344,OKVT,TF,49.0
345,OKVT,TF,51.0
346,OKVT,TF,53.0
347,OKVT,TF,57.0
348,OKVT,TF,63.0
349,OKVT,TF,67.0
350,OKVT,TF,73.0
351,OKVT,TF,73.0
352,OKVT,TF,77.0
353,OKVT,TF,80.0
354,OKVT,TF,82.0
355,OKVT,TF,84.0
356,OKVT,TF,86.0
357,OKVT,TF,84.0
358,OKVT,TF,82.0
359,OKVT,TF,75.0
360,OKVT,TF,64.0
361,OKVT,TF,57.0
362,OKVT,TF,53.0
363,OKVT,TF,47.0
364,OKVT,TF,47.0
365,OKVT,TF,75.0
366,OKVT,TF,71.0
367,OKVT,TF,63.0
368,OKVT,TF,60.0
369,OKVT,TF,61.0
370,OKVT,TF,88.0
371,OKVT,TF,95.0
372,OKVT,TF,96.0
373,OKVT,TF,97.0
374,OKVT,TF,97.0
375,OKVT,TF,97.0
376,OKVT,TF,97.0
377,OKVT,TF,98.0
378,OKVT,TF,97.0
379,OKVT,TF,97.0
380,OKVT,TF,97.0
381,OKVT,TF,96.0
382,OKVT,TF,93.0
383,OKVT,TF,87.0
384,OKVT,TF,78.0
385,OKVT,TF,70.0
386,OKVT,TF,64.0
387,OKVT,TF,75.0
388,OKVT,TF,71.0
389,OKVT,TF,57.0
390,OKVT,TF,56.0
391,OKVT,TF,59.0
392,OKVT,TF,63.0
393,OKVT,TF,65.0
394,OKVT,TF,60.0
395,OKVT,TF,60.0
396,OKVT,TF,65.0
397,OKVT,TF,69.0
398,OKVT,TF,70.0
399,OKVT,TF,76.0
400,OKVT,TF,88.0
401,OKVT,TF,93.0
402,OKVT,TF,96.0
403,OKVT,TF,97.0
404,OKVT,TF,97.0
405,OKVT,TF,97.0
406,OKVT,TF,96.0
407,OKVT,TF,93.0
408,OKVT,TF,88.0
409,OKVT,TF,83.0
410,OKVT,TF,75.0
411,OKVT,TF,70.0
412,OKVT,TF,68.0
413,OKVT,TF,63.0
414,OKVT,TF,82.0
415,OKVT,TF,89.0
416,OKVT,TF,88.0
417,OKVT,TF,79.0
418,OKVT,TF,76.0
419,OKVT,TF,79.0
420,OKVT,TF,79.0
421,OKVT,TF,81.0
422,OKVT,TF,82.0
423,OKVT,TF,84.0
424,OKVT,TF,84.0
425,OKVT,TF,84.0
426,OKVT,TF,85.0
427,OKVT,TF,85.0
428,OKVT,TF,83.0
429,OKVT,TF,82.0
430,OKVT,TF,79.0
431,OKVT,TF,77.0
432,OKVT,TF,76.0
433,OKVT,TF,73.0
434,OKVT,TF,78.0
435,OKVT,TF,82.0
436,OKVT,TF,68.0
437,OKVT,TF,80.0
438,OKVT,TF,80.0
439,OKVT,TF,74.0
440,OKVT,TF,72.0
441,OKVT,TF,75.0
442,OKVT,TF,75.0
443,OKVT,TF,78.0
444,OKVT,TF,79.0
445,OKVT,TF,83.0
446,OKVT,TF,87.0
447,OKVT,TF,90.0
448,OKVT,TF,91.0
449,OKVT,TF,92.0
450,OKVT,TF,93.0
451,OKVT,TF,94.0
452,OKVT,TF,95.0
453,OKVT,TF,95.0
454,OKVT,TF,90.0
455,OKVT,TF,80.0
456,OKVT,TF,61.0
457,OKVT,TF,58.0
458,OKVT,TF,57.0
459,OKVT,TF,52.0
460,OKVT,TF,46.0
461,OKVT,TF,49.0
462,OKVT,TF,47.0
463,OKVT,TF,45.0
464,OKVT,TF,47.0
465,OKVT,TF,71.0
466,OKVT,TF,81.0
467,OKVT,TF,84.0
468,OKVT,TF,89.0
469,OKVT,TF,91.0
470,OKVT,TF,90.0
471,OKVT,TF,88.0
472,OKVT,TF,86.0
473,OKVT,TF,82.0
474,OKVT,TF,82.0
475,OKVT,TF,82.0
476,OKVT,TF,89.0
477,OKVT,TF,89.0
478,OKVT,TF,86.0
479,OKVT,TF,84.0
480,OKVT,TF,80.0
481,OKVT,TF,77.0
482,OKVT,TF,75.0
483,OKVT,TF,76.0
484,OKVT,TF,77.0
485,OKVT,TF,75.0
486,OKVT,TF,73.0
487,OKVT,TF,71.0
488,OKVT,TF,68.0
489,OKVT,TF,68.0
490,OKVT,TF,67.0
491,OKVT,TF,68.0
492,OKVT,TF,73.0
493,OKVT,TF,78.0
494,OKVT,TF,81.0
495,OKVT,TF,79.0
496,OKVT,TF,82.0
497,OKVT,TF,87.0
498,OKVT,TF,90.0
499,OKVT,TF,90.0
500,OKVT,TF,91.0
501,OKVT,TF,91.0
502,OKVT,TF,88.0
503,OKVT,TF,77.0
504,OKVT,TF,65.0
505,OKVT,TF,58.0
506,OKVT,TF,55.0
507,OKVT,TF,52.0
508,OKVT,TF,52.0
509,OKVT,TF,54.0
510,OKVT,TF,55.0
511,OKVT,TF,55.0
512,OKVT,TF,55.0
513,OKVT,TF,55.0
514,OKVT,TF,55.0
515,OKVT,TF,57.0
516,OKVT,TF,58.0
517,OKVT,TF,60.0
518,OKVT,TF,83.0
519,OKVT,TF,94.0
520,OKVT,TF,96.0
521,OKVT,TF,97.0
522,OKVT,TF,97.0
523,OKVT,TF,96.0
524,OKVT,TF,96.0
525,OKVT,TF,95.0
526,OKVT,TF,92.0
527,OKVT,TF,91.0
528,OKVT,TF,85.0
529,OKVT,TF,71.0
530,OKVT,TF,88.0
531,OKVT,TF,71.0
532,OKVT,TF,56.0
533,OKVT,TF,86.0
534,OKVT,TF,90.0
535,OKVT,TF,65.0
536,OKVT,TF,55.0
537,OKVT,TF,53.0
538,OKVT,TF,69.0
539,OKVT,TF,90.0
540,OKVT,TF,89.0
541,OKVT,TF,85.0
542,OKVT,TF,82.0
543,OKVT,TF,81.0
544,OKVT,TF,79.0
545,OKVT,TF,84.0
546,OKVT,TF,87.0
547,OKVT,TF,88.0
548,OKVT,TF,89.0
549,OKVT,TF,89.0
550,OKVT,TF,82.0
551,OKVT,TF,75.0
552,OKVT,TF,64.0
553,OKVT,TF,61.0
554,OKVT,TF,56.0
555,OKVT,TF,53.0
556,OKVT,TF,51.0
557,OKVT,TF,60.0
558,OKVT,TF,87.0
559,OKVT,TF,84.0
560,OKVT,TF,80.0
561,OKVT,TF,73.0
562,OKVT,TF,70.0
563,OKVT,TF,77.0
564,OKVT,TF,90.0
565,OKVT,TF,91.0
566,OKVT,TF,92.0
567,OKVT,TF,93.0
568,OKVT,TF,92.0
569,OKVT,TF,91.0
570,OKVT,TF,91.0
571,OKVT,TF,93.0
572,OKVT,TF,94.0
573,OKVT,TF,94.0
574,OKVT,TF,91.0
575,OKVT,TF,84.0
576,OKVT,TF,76.0
577,OKVT,TF,63.0
578,OKVT,TF,58.0
579,OKVT,TF,49.0
580,OKVT,TF,47.0
581,OKVT,TF,47.0
582,OKVT,TF,57.0
583,OKVT,TF,59.0
584,OKVT,TF,56.0
585,OKVT,TF,59.0
586,OKVT,TF,63.0
587,OKVT,TF,70.0
588,OKVT,TF,83.0
589,OKVT,TF,90.0
590,OKVT,TF,93.0
591,OKVT,TF,95.0
592,OKVT,TF,96.0
593,OKVT,TF,96.0
594,OKVT,TF,97.0
595,OKVT,TF,98.0
596,OKVT,TF,98.0
597,OKVT,TF,98.0
598,OKVT,TF,99.0
599,OKVT,TF,99.0
600,OKVT,TF,99.0
601,OKVT,TF,99.0
602,OKVT,TF,99.0
603,OKVT,TF,97.0
604,OKVT,TF,94.0
605,OKVT,TF,86.0
606,OKVT,TF,65.0
607,OKVT,TF,64.0
608,OKVT,TF,63.0
609,OKVT,TF,61.0
610,OKVT,TF,64.0
611,OKVT,TF,65.0
612,OKVT,TF,69.0
613,OKVT,TF,75.0
614,OKVT,TF,86.0
615,OKVT,TF,91.0
616,OKVT,TF,93.0
617,OKVT,TF,93.0
618,OKVT,TF,92.0
619,OKVT,TF,92.0
620,OKVT,TF,92.0
621,OKVT,TF,91.0
622,OKVT,TF,88.0
623,OKVT,TF,78.0
624,OKVT,TF,69.0
625,OKVT,TF,68.0
626,OKVT,TF,73.0
627,OKVT,TF,63.0
628,OKVT,TF,56.0
629,OKVT,TF,52.0
630,OKVT,TF,58.0
631,OKVT,TF,59.0
632,OKVT,TF,61.0
633,OKVT,TF,60.0
634,OKVT,TF,62.0
635,OKVT,TF,66.0
636,OKVT,TF,69.0
637,OKVT,TF,79.0
638,OKVT,TF,84.0
639,OKVT,TF,83.0
640,OKVT,TF,80.0
641,OKVT,TF,79.0
642,OKVT,TF,83.0
643,OKVT,TF,83.0
644,OKVT,TF,83.0
645,OKVT,TF,85.0
646,OKVT,TF,83.0
647,OKVT,TF,77.0
648,OKVT,TF,77.0
649,OKVT,TF,86.0
650,OKVT,TF,89.0
651,OKVT,TF,73.0
652,OKVT,TF,66.0
653,OKVT,TF,65.0
654,OKVT,TF,65.0
655,OKVT,TF,60.0
656,OKVT,TF,61.0
657,OKVT,TF,66.0
658,OKVT,TF,64.0
659,OKVT,TF,63.0
660,OKVT,TF,67.0
661,OKVT,TF,70.0
662,OKVT,TF,73.0
663,OKVT,TF,85.0
664,OKVT,TF,83.0
665,OKVT,TF,82.0
666,OKVT,TF,85.0
667,OKVT,TF,87.0
668,OKVT,TF,92.0
669,OKVT,TF,94.0
670,OKVT,TF,94.0
671,OKVT,TF,93.0
672,OKVT,TF,88.0
673,OKVT,TF,85.0
674,OKVT,TF,77.0
675,OKVT,TF,71.0
676,OKVT,TF,66.0
677,OKVT,TF,67.0
678,OKVT,TF,65.0
679,OKVT,TF,61.0
680,OKVT,TF,58.0
681,OKVT,TF,54.0
682,OKVT,TF,55.0
683,OKVT,TF,58.0
684,OKVT,TF,66.0
685,OKVT,TF,73.0
686,OKVT,TF,78.0
687,OKVT,TF,82.0
688,OKVT,TF,85.0
689,OKVT,TF,87.0
690,OKVT,TF,87.0
691,OKVT,TF,88.0
692,OKVT,TF,88.0
693,OKVT,TF,87.0
694,OKVT,TF,83.0
695,OKVT,TF,81.0
696,OKVT,TF,74.0
697,OKVT,TF,67.0
698,OKVT,TF,64.0
699,OKVT,TF,56.0
700,OKVT,TF,51.0
701,OKVT,TF,54.0
702,OKVT,TF,57.0
703,OKVT,TF,58.0
704,OKVT,TF,58.0
705,OKVT,TF,58.0
706,OKVT,TF,58.0
707,OKVT,TF,60.0
708,OKVT,TF,64.0
709,OKVT,TF,68.0
710,OKVT,TF,72.0
711,OKVT,TF,76.0
712,OKVT,TF,78.0
713,OKVT,TF,80.0
714,OKVT,TF,79.0
715,OKVT,TF,80.0
716,OKVT,TF,83.0
717,OKVT,TF,82.0
718,OKVT,TF,79.0
719,OKVT,TF,73.0
0,OKVT,TT,12.2
1,OKVT,TT,12.1
2,OKVT,TT,12.4
3,OKVT,TT,13.2
4,OKVT,TT,13.2
5,OKVT,TT,12.0
6,OKVT,TT,12.8
7,OKVT,TT,13.4
8,OKVT,TT,14.0
9,OKVT,TT,14.1
10,OKVT,TT,13.0
11,OKVT,TT,11.3
12,OKVT,TT,10.9
13,OKVT,TT,10.9
14,OKVT,TT,10.6
15,OKVT,TT,9.8
16,OKVT,TT,9.0
17,OKVT,TT,8.3
18,OKVT,TT,7.8
19,OKVT,TT,7.4
20,OKVT,TT,7.3
21,OKVT,TT,7.6
22,OKVT,TT,8.8
23,OKVT,TT,11.3
24,OKVT,TT,16.0
25,OKVT,TT,16.5
26,OKVT,TT,17.0
27,OKVT,TT,16.8
28,OKVT,TT,16.7
29,OKVT,TT,17.3
30,OKVT,TT,17.7
31,OKVT,TT,16.7
32,OKVT,TT,16.9
33,OKVT,TT,16.7
34,OKVT,TT,16.1
35,OKVT,TT,15.7
36,OKVT,TT,14.6
37,OKVT,TT,13.6
38,OKVT,TT,13.1
39,OKVT,TT,12.9
40,OKVT,TT,12.7
41,OKVT,TT,12.8
42,OKVT,TT,12.8
43,OKVT,TT,12.7
44,OKVT,TT,12.9
45,OKVT,TT,13.0
46,OKVT,TT,13.3
47,OKVT,TT,13.4
48,OKVT,TT,13.7
49,OKVT,TT,16.1
50,OKVT,TT,15.8
51,OKVT,TT,17.0
52,OKVT,TT,16.8
53,OKVT,TT,17.8
54,OKVT,TT,17.7
55,OKVT,TT,16.9
56,OKVT,TT,16.5
57,OKVT,TT,16.5
58,OKVT,TT,15.6
59,OKVT,TT,15.5
60,OKVT,TT,14.7
61,OKVT,TT,14.4
62,OKVT,TT,14.3
63,OKVT,TT,14.2
64,OKVT,TT,14.0
65,OKVT,TT,14.0
66,OKVT,TT,14.0
67,OKVT,TT,13.9
68,OKVT,TT,13.9
69,OKVT,TT,14.3
70,OKVT,TT,14.9
71,OKVT,TT,15.5
72,OKVT,TT,16.6
73,OKVT,TT,18.0
74,OKVT,TT,18.9
75,OKVT,TT,20.2
76,OKVT,TT,21.3
77,OKVT,TT,20.9
78,OKVT,TT,21.0
79,OKVT,TT,21.8
80,OKVT,TT,21.8
81,OKVT,TT,21.7
82,OKVT,TT,21.2
83,OKVT,TT,20.3
84,OKVT,TT,18.8
85,OKVT,TT,17.0
86,OKVT,TT,15.5
87,OKVT,TT,14.4
88,OKVT,TT,13.8
89,OKVT,TT,13.1
90,OKVT,TT,12.6
91,OKVT,TT,12.1
92,OKVT,TT,11.9
93,OKVT,TT,12.3
94,OKVT,TT,13.3
95,OKVT,TT,15.8
96,OKVT,TT,22.1
97,OKVT,TT,23.8
98,OKVT,TT,24.2
99,OKVT,TT,25.1
100,OKVT,TT,24.9
101,OKVT,TT,24.1
102,OKVT,TT,24.4
103,OKVT,TT,24.6
104,OKVT,TT,24.8
105,OKVT,TT,24.8
106,OKVT,TT,24.4
107,OKVT,TT,23.5
108,OKVT,TT,22.1
109,OKVT,TT,20.7
110,OKVT,TT,19.4
111,OKVT,TT,18.3
112,OKVT,TT,17.4
113,OKVT,TT,16.4
114,OKVT,TT,15.9
115,OKVT,TT,15.3
116,OKVT,TT,14.7
117,OKVT,TT,14.8
118,OKVT,TT,16.0
119,OKVT,TT,18.9
120,OKVT,TT,26.3
121,OKVT,TT,28.3
122,OKVT,TT,29.1
123,OKVT,TT,29.6
124,OKVT,TT,29.9
125,OKVT,TT,28.6
126,OKVT,TT,28.9
127,OKVT,TT,29.2
128,OKVT,TT,29.1
129,OKVT,TT,28.8
130,OKVT,TT,28.1
131,OKVT,TT,27.0
132,OKVT,TT,24.8
133,OKVT,TT,22.7
134,OKVT,TT,21.4
135,OKVT,TT,20.7
136,OKVT,TT,19.8
137,OKVT,TT,19.1
138,OKVT,TT,18.4
139,OKVT,TT,18.3
140,OKVT,TT,17.8
141,OKVT,TT,17.2
142,OKVT,TT,17.2
143,OKVT,TT,18.1
144,OKVT,TT,21.0
145,OKVT,TT,23.4
146,OKVT,TT,23.9
147,OKVT,TT,24.8
148,OKVT,TT,25.9
149,OKVT,TT,24.8
150,OKVT,TT,24.9
151,OKVT,TT,25.4
152,OKVT,TT,25.2
153,OKVT,TT,24.7
154,OKVT,TT,24.0
155,OKVT,TT,22.6
156,OKVT,TT,21.2
157,OKVT,TT,19.8
158,OKVT,TT,18.4
159,OKVT,TT,17.4
160,OKVT,TT,16.6
161,OKVT,TT,15.5
162,OKVT,TT,14.6
163,OKVT,TT,14.2
164,OKVT,TT,13.7
165,OKVT,TT,13.8
166,OKVT,TT,15.1
167,OKVT,TT,17.5
168,OKVT,TT,23.5
169,OKVT,TT,26.1
170,OKVT,TT,26.4
171,OKVT,TT,27.6
172,OKVT,TT,27.9
173,OKVT,TT,26.8
174,OKVT,TT,26.5
175,OKVT,TT,27.1
176,OKVT,TT,27.0
177,OKVT,TT,26.9
178,OKVT,TT,26.5
179,OKVT,TT,25.9
180,OKVT,TT,24.3
181,OKVT,TT,22.0
182,OKVT,TT,20.3
183,OKVT,TT,18.9
184,OKVT,TT,17.7
185,OKVT,TT,17.0
186,OKVT,TT,16.2
187,OKVT,TT,15.6
188,OKVT,TT,15.2
189,OKVT,TT,15.2
190,OKVT,TT,16.7
191,OKVT,TT,19.9
192,OKVT,TT,27.0
193,OKVT,TT,29.0
194,OKVT,TT,30.6
195,OKVT,TT,30.7
196,OKVT,TT,30.6
197,OKVT,TT,30.6
198,OKVT,TT,30.6
199,OKVT,TT,30.8
200,OKVT,TT,30.8
201,OKVT,TT,30.5
202,OKVT,TT,30.0
203,OKVT,TT,28.9
204,OKVT,TT,26.7
205,OKVT,TT,24.3
206,OKVT,TT,23.5
207,OKVT,TT,22.2
208,OKVT,TT,20.7
209,OKVT,TT,19.2
210,OKVT,TT,17.3
211,OKVT,TT,16.0
212,OKVT,TT,15.0
213,OKVT,TT,14.4
214,OKVT,TT,14.9
215,OKVT,TT,15.9
216,OKVT,TT,19.0
217,OKVT,TT,20.3
218,OKVT,TT,21.4
219,OKVT,TT,22.5
220,OKVT,TT,22.8
221,OKVT,TT,21.5
222,OKVT,TT,21.9
223,OKVT,TT,22.0
224,OKVT,TT,21.9
225,OKVT,TT,21.4
226,OKVT,TT,20.7
227,OKVT,TT,19.4
228,OKVT,TT,17.8
229,OKVT,TT,15.6
230,OKVT,TT,13.9
231,OKVT,TT,12.7
232,OKVT,TT,11.6
233,OKVT,TT,10.9
234,OKVT,TT,10.5
235,OKVT,TT,10.1
236,OKVT,TT,9.8
237,OKVT,TT,10.1
238,OKVT,TT,10.8
239,OKVT,TT,12.4
240,OKVT,TT,17.1
241,OKVT,TT,19.0
242,OKVT,TT,20.4
243,OKVT,TT,22.0
244,OKVT,TT,23.1
245,OKVT,TT,21.7
246,OKVT,TT,21.9
247,OKVT,TT,22.5
248,OKVT,TT,22.7
249,OKVT,TT,22.6
250,OKVT,TT,22.5
251,OKVT,TT,21.9
252,OKVT,TT,20.7
253,OKVT,TT,19.3
254,OKVT,TT,17.8
255,OKVT,TT,16.3
256,OKVT,TT,15.1
257,OKVT,TT,14.1
258,OKVT,TT,13.4
259,OKVT,TT,12.9
260,OKVT,TT,12.6
261,OKVT,TT,13.0
262,OKVT,TT,14.8
263,OKVT,TT,17.9
264,OKVT,TT,23.9
265,OKVT,TT,24.7
266,OKVT,TT,23.9
267,OKVT,TT,27.7
268,OKVT,TT,29.0
269,OKVT,TT,29.0
270,OKVT,TT,29.2
271,OKVT,TT,29.5
272,OKVT,TT,29.7
273,OKVT,TT,25.9
274,OKVT,TT,18.0
275,OKVT,TT,17.7
276,OKVT,TT,17.6
277,OKVT,TT,17.7
278,OKVT,TT,17.3
279,OKVT,TT,17.1
280,OKVT,TT,16.9
281,OKVT,TT,16.9
282,OKVT,TT,15.9
283,OKVT,TT,14.6
284,OKVT,TT,13.9
285,OKVT,TT,13.8
286,OKVT,TT,14.5
287,OKVT,TT,16.7
288,OKVT,TT,22.0
289,OKVT,TT,23.6
290,OKVT,TT,23.7
291,OKVT,TT,24.8
292,OKVT,TT,25.0
293,OKVT,TT,24.1
294,OKVT,TT,23.6
295,OKVT,TT,23.9
296,OKVT,TT,23.8
297,OKVT,TT,23.4
298,OKVT,TT,22.8
299,OKVT,TT,22.2
300,OKVT,TT,21.5
301,OKVT,TT,20.8
302,OKVT,TT,19.8
303,OKVT,TT,18.9
304,OKVT,TT,18.4
305,OKVT,TT,17.8
306,OKVT,TT,17.3
307,OKVT,TT,16.8
308,OKVT,TT,16.3
309,OKVT,TT,16.4
310,OKVT,TT,16.9
311,OKVT,TT,17.2
312,OKVT,TT,16.9
313,OKVT,TT,18.3
314,OKVT,TT,21.8
315,OKVT,TT,20.0
316,OKVT,TT,20.7
317,OKVT,TT,20.8
318,OKVT,TT,22.8
319,OKVT,TT,23.5
320,OKVT,TT,23.4
321,OKVT,TT,23.0
322,OKVT,TT,18.4
323,OKVT,TT,15.8
324,OKVT,TT,15.9
325,OKVT,TT,15.9
326,OKVT,TT,15.5
327,OKVT,TT,15.6
328,OKVT,TT,15.6
329,OKVT,TT,15.5
330,OKVT,TT,15.0
331,OKVT,TT,14.8
332,OKVT,TT,14.4
333,OKVT,TT,14.5
334,OKVT,TT,15.1
335,OKVT,TT,15.8
336,OKVT,TT,18.1
337,OKVT,TT,21.5
338,OKVT,TT,22.6
339,OKVT,TT,22.8
340,OKVT,TT,22.5
341,OKVT,TT,22.1
342,OKVT,TT,22.4
343,OKVT,TT,23.0
344,OKVT,TT,23.0
345,OKVT,TT,22.6
346,OKVT,TT,22.1
347,OKVT,TT,21.4
348,OKVT,TT,20.4
349,OKVT,TT,19.3
350,OKVT,TT,18.4
351,OKVT,TT,17.9
352,OKVT,TT,17.1
353,OKVT,TT,16.5
354,OKVT,TT,15.9
355,OKVT,TT,15.3
356,OKVT,TT,14.8
357,OKVT,TT,15.2
358,OKVT,TT,16.4
359,OKVT,TT,18.5
360,OKVT,TT,21.2
361,OKVT,TT,22.8
362,OKVT,TT,23.8
363,OKVT,TT,25.0
364,OKVT,TT,25.2
365,OKVT,TT,21.1
366,OKVT,TT,21.5
367,OKVT,TT,22.3
368,OKVT,TT,23.0
369,OKVT,TT,23.0
370,OKVT,TT,17.4
371,OKVT,TT,16.4
372,OKVT,TT,16.2
373,OKVT,TT,16.1
374,OKVT,TT,15.9
375,OKVT,TT,15.5
376,OKVT,TT,15.0
377,OKVT,TT,14.8
378,OKVT,TT,14.5
379,OKVT,TT,13.9
380,OKVT,TT,13.5
381,OKVT,TT,13.6
382,OKVT,TT,14.1
383,OKVT,TT,15.1
384,OKVT,TT,16.5
385,OKVT,TT,18.1
386,OKVT,TT,19.4
387,OKVT,TT,18.0
388,OKVT,TT,18.9
389,OKVT,TT,20.5
390,OKVT,TT,20.8
391,OKVT,TT,20.3
392,OKVT,TT,19.6
393,OKVT,TT,19.5
394,OKVT,TT,19.7
395,OKVT,TT,19.1
396,OKVT,TT,18.1
397,OKVT,TT,17.3
398,OKVT,TT,17.0
399,OKVT,TT,16.6
400,OKVT,TT,15.3
401,OKVT,TT,14.9
402,OKVT,TT,14.6
403,OKVT,TT,13.8
404,OKVT,TT,13.7
405,OKVT,TT,13.7
406,OKVT,TT,13.9
407,OKVT,TT,14.3
408,OKVT,TT,15.3
409,OKVT,TT,16.5
410,OKVT,TT,18.1
411,OKVT,TT,18.7
412,OKVT,TT,19.0
413,OKVT,TT,19.7
414,OKVT,TT,17.5
415,OKVT,TT,15.2
416,OKVT,TT,15.3
417,OKVT,TT,16.3
418,OKVT,TT,16.9
419,OKVT,TT,16.5
420,OKVT,TT,15.9
421,OKVT,TT,15.2
422,OKVT,TT,14.6
423,OKVT,TT,14.1
424,OKVT,TT,13.9
425,OKVT,TT,13.7
426,OKVT,TT,13.3
427,OKVT,TT,13.4
428,OKVT,TT,13.7
429,OKVT,TT,13.8
430,OKVT,TT,14.5
431,OKVT,TT,15.1
432,OKVT,TT,15.8
433,OKVT,TT,16.9
434,OKVT,TT,16.6
435,OKVT,TT,16.9
436,OKVT,TT,18.8
437,OKVT,TT,17.5
438,OKVT,TT,17.2
439,OKVT,TT,17.5
440,OKVT,TT,17.8
441,OKVT,TT,17.3
442,OKVT,TT,16.4
443,OKVT,TT,15.9
444,OKVT,TT,15.5
445,OKVT,TT,14.6
446,OKVT,TT,13.8
447,OKVT,TT,13.1
448,OKVT,TT,12.7
449,OKVT,TT,12.3
450,OKVT,TT,11.9
451,OKVT,TT,11.8
452,OKVT,TT,11.7
453,OKVT,TT,11.9
454,OKVT,TT,13.7
455,OKVT,TT,15.9
456,OKVT,TT,19.7
457,OKVT,TT,20.6
458,OKVT,TT,20.5
459,OKVT,TT,21.3
460,OKVT,TT,21.9
461,OKVT,TT,21.1
462,OKVT,TT,22.0
463,OKVT,TT,22.4
464,OKVT,TT,21.9
465,OKVT,TT,18.8
466,OKVT,TT,17.2
467,OKVT,TT,17.0
468,OKVT,TT,15.6
469,OKVT,TT,15.2
470,OKVT,TT,15.3
471,OKVT,TT,15.3
472,OKVT,TT,15.4
473,OKVT,TT,15.0
474,OKVT,TT,14.3
475,OKVT,TT,14.2
476,OKVT,TT,13.3
477,OKVT,TT,13.2
478,OKVT,TT,13.5
479,OKVT,TT,13.6
480,OKVT,TT,14.3
481,OKVT,TT,14.9
482,OKVT,TT,15.5
483,OKVT,TT,15.7
484,OKVT,TT,15.9
485,OKVT,TT,16.0
486,OKVT,TT,16.7
487,OKVT,TT,17.2
488,OKVT,TT,17.9
489,OKVT,TT,17.8
490,OKVT,TT,18.0
491,OKVT,TT,17.5
492,OKVT,TT,16.9
493,OKVT,TT,15.8
494,OKVT,TT,15.2
495,OKVT,TT,15.6
496,OKVT,TT,14.8
497,OKVT,TT,13.6
498,OKVT,TT,12.8
499,OKVT,TT,12.5
500,OKVT,TT,12.1
501,OKVT,TT,12.3
502,OKVT,TT,13.3
503,OKVT,TT,16.3
504,OKVT,TT,19.1
505,OKVT,TT,20.2
506,OKVT,TT,20.8
507,OKVT,TT,21.3
508,OKVT,TT,21.3
509,OKVT,TT,21.8
510,OKVT,TT,22.2
511,OKVT,TT,22.2
512,OKVT,TT,22.4
513,OKVT,TT,22.6
514,OKVT,TT,22.6
515,OKVT,TT,21.6
516,OKVT,TT,20.9
517,OKVT,TT,20.4
518,OKVT,TT,17.1
519,OKVT,TT,13.6
520,OKVT,TT,13.1
521,OKVT,TT,13.1
522,OKVT,TT,13.0
523,OKVT,TT,12.9
524,OKVT,TT,12.9
525,OKVT,TT,12.9
526,OKVT,TT,13.3
527,OKVT,TT,13.3
528,OKVT,TT,15.0
529,OKVT,TT,16.6
530,OKVT,TT,13.3
531,OKVT,TT,16.9
532,OKVT,TT,18.2
533,OKVT,TT,13.0
534,OKVT,TT,14.1
535,OKVT,TT,16.7
536,OKVT,TT,17.8
537,OKVT,TT,17.5
538,OKVT,TT,15.1
539,OKVT,TT,12.3
540,OKVT,TT,12.2
541,OKVT,TT,12.0
542,OKVT,TT,11.9
543,OKVT,TT,11.6
544,OKVT,TT,11.3
545,OKVT,TT,10.4
546,OKVT,TT,10.1
547,OKVT,TT,10.3
548,OKVT,TT,10.2
549,OKVT,TT,10.6
550,OKVT,TT,11.9
551,OKVT,TT,13.6
552,OKVT,TT,16.3
553,OKVT,TT,16.9
554,OKVT,TT,18.3
555,OKVT,TT,19.0
556,OKVT,TT,19.0
557,OKVT,TT,17.1
558,OKVT,TT,13.4
559,OKVT,TT,13.9
560,OKVT,TT,14.3
561,OKVT,TT,14.4
562,OKVT,TT,14.5
563,OKVT,TT,13.2
564,OKVT,TT,11.6
565,OKVT,TT,11.1
566,OKVT,TT,10.7
567,OKVT,TT,10.5
568,OKVT,TT,10.7
569,OKVT,TT,10.9
570,OKVT,TT,10.9
571,OKVT,TT,10.2
572,OKVT,TT,9.9
573,OKVT,TT,10.6
574,OKVT,TT,11.3
575,OKVT,TT,12.9
576,OKVT,TT,14.2
577,OKVT,TT,16.6
578,OKVT,TT,16.9
579,OKVT,TT,18.9
580,OKVT,TT,19.5
581,OKVT,TT,19.2
582,OKVT,TT,17.3
583,OKVT,TT,16.9
584,OKVT,TT,17.3
585,OKVT,TT,16.6
586,OKVT,TT,16.1
587,OKVT,TT,15.3
588,OKVT,TT,13.3
589,OKVT,TT,12.3
590,OKVT,TT,11.8
591,OKVT,TT,11.6
592,OKVT,TT,11.5
593,OKVT,TT,11.4
594,OKVT,TT,11.5
595,OKVT,TT,11.6
596,OKVT,TT,12.0
597,OKVT,TT,12.5
598,OKVT,TT,13.2
599,OKVT,TT,14.0
600,OKVT,TT,15.0
601,OKVT,TT,15.7
602,OKVT,TT,16.7
603,OKVT,TT,17.2
604,OKVT,TT,17.6
605,OKVT,TT,18.0
606,OKVT,TT,20.0
607,OKVT,TT,19.9
608,OKVT,TT,20.1
609,OKVT,TT,20.3
610,OKVT,TT,19.7
611,OKVT,TT,19.2
612,OKVT,TT,18.5
613,OKVT,TT,17.4
614,OKVT,TT,16.8
615,OKVT,TT,16.5
616,OKVT,TT,16.3
617,OKVT,TT,16.1
618,OKVT,TT,16.1
619,OKVT,TT,15.9
620,OKVT,TT,15.5
621,OKVT,TT,15.5
622,OKVT,TT,15.8
623,OKVT,TT,17.2
624,OKVT,TT,18.2
625,OKVT,TT,17.9
626,OKVT,TT,17.7
627,OKVT,TT,18.5
628,OKVT,TT,19.1
629,OKVT,TT,18.7
630,OKVT,TT,17.0
631,OKVT,TT,17.0
632,OKVT,TT,16.9
633,OKVT,TT,16.6
634,OKVT,TT,16.0
635,OKVT,TT,15.3
636,OKVT,TT,14.8
637,OKVT,TT,14.0
638,OKVT,TT,12.9
639,OKVT,TT,12.9
640,OKVT,TT,12.9
641,OKVT,TT,12.8
642,OKVT,TT,12.7
643,OKVT,TT,12.5
644,OKVT,TT,12.3
645,OKVT,TT,12.2
646,OKVT,TT,13.0
647,OKVT,TT,14.4
648,OKVT,TT,14.6
649,OKVT,TT,13.6
650,OKVT,TT,14.5
651,OKVT,TT,16.4
652,OKVT,TT,17.7
653,OKVT,TT,17.9
654,OKVT,TT,17.5
655,OKVT,TT,17.5
656,OKVT,TT,17.4
657,OKVT,TT,16.6
658,OKVT,TT,16.1
659,OKVT,TT,15.8
660,OKVT,TT,14.9
661,OKVT,TT,14.3
662,OKVT,TT,13.9
663,OKVT,TT,12.8
664,OKVT,TT,12.8
665,OKVT,TT,12.8
666,OKVT,TT,12.6
667,OKVT,TT,12.5
668,OKVT,TT,12.3
669,OKVT,TT,12.3
670,OKVT,TT,12.5
671,OKVT,TT,12.9
672,OKVT,TT,13.4
673,OKVT,TT,13.8
674,OKVT,TT,14.9
675,OKVT,TT,15.4
676,OKVT,TT,16.4
677,OKVT,TT,16.7
678,OKVT,TT,17.4
679,OKVT,TT,17.9
680,OKVT,TT,17.9
681,OKVT,TT,18.0
682,OKVT,TT,17.7
683,OKVT,TT,17.1
684,OKVT,TT,15.9
685,OKVT,TT,14.6
686,OKVT,TT,13.7
687,OKVT,TT,12.9
688,OKVT,TT,12.1
689,OKVT,TT,11.3
690,OKVT,TT,10.9
691,OKVT,TT,10.6
692,OKVT,TT,10.5
693,OKVT,TT,10.9
694,OKVT,TT,12.0
695,OKVT,TT,13.3
696,OKVT,TT,15.7
697,OKVT,TT,18.0
698,OKVT,TT,19.2
699,OKVT,TT,20.5
700,OKVT,TT,22.1
701,OKVT,TT,22.4
702,OKVT,TT,22.2
703,OKVT,TT,21.9
704,OKVT,TT,22.2
705,OKVT,TT,21.9
706,OKVT,TT,21.7
707,OKVT,TT,21.1
708,OKVT,TT,20.2
709,OKVT,TT,18.8
710,OKVT,TT,17.2
711,OKVT,TT,16.0
712,OKVT,TT,15.2
713,OKVT,TT,14.8
714,OKVT,TT,14.7
715,OKVT,TT,14.6
716,OKVT,TT,14.2
717,OKVT,TT,14.6
718,OKVT,TT,15.8
719,OKVT,TT,18.1
